,SPL Master,Items linked
0,SPL8000000,34076947;38049457
1,SPL8000001,2092650
2,SPL8000002,38065840
3,SPL8000003,34005854
4,SPL8000004,34006515;81796720
5,SPL8000005,34007010
6,SPL8000006,34010186;38039523;38046562
7,SPL8000007,34010568
8,SPL8000008,34011106;34083061
9,SPL8000009,34011704
10,SPL8000010,34011711
11,SPL8000011,34012239
12,SPL8000012,34012681
13,SPL8000013,34012682
14,SPL8000014,34012683
15,SPL8000015,34013662;38044319
16,SPL8000016,34013671;34045312
17,SPL8000017,34013708
18,SPL8000018,34014096;38062264;38063758;38066779
19,SPL8000019,34015217
20,SPL8000020,34015919
21,SPL8000021,34016073
22,SPL8000022,34016459;34030765;38041627
23,SPL8000023,34023337
24,SPL8000024,34023509
25,SPL8000025,34024334
26,SPL8000026,34024908
27,SPL8000027,34024909;38064390
28,SPL8000028,34025611;34044881;38016428;38017163
29,SPL8000029,34025769
30,SPL8000030,34025921
31,SPL8000031,34027932;34032335;34038581;34042456;38038318;38044083
32,SPL8000032,34028091;38010058;38016282;38017709;38018201;38019332;38035470;38039495;38040582;38049040
33,SPL8000033,34028416
34,SPL8000034,34028628
35,SPL8000035,34029392
36,SPL8000036,34029439
37,SPL8000037,34029453
38,SPL8000038,34030180
39,SPL8000039,34030225
40,SPL8000040,34030949
41,SPL8000041,34031591;34039775
42,SPL8000042,34031602
43,SPL8000043,34031603
44,SPL8000044,34031967
45,SPL8000045,34032005;38041004
46,SPL8000046,34032006
47,SPL8000047,34032008
48,SPL8000048,34032009
49,SPL8000049,34032010;34041907
50,SPL8000050,34032019;34042485
51,SPL8000051,34032033
52,SPL8000052,34032034
53,SPL8000053,34032037
54,SPL8000054,34032044
55,SPL8000055,34032045
56,SPL8000056,34032616;38019814;38040146;38049211;38049212;38062641;38063069;38065159
57,SPL8000057,34032617
58,SPL8000058,34032635
59,SPL8000059,34032639
60,SPL8000060,34032640
61,SPL8000061,34032656;34033491;34034550;34038818;38047515;38048237;38049157;38063074
62,SPL8000062,34032859
63,SPL8000063,34032864
64,SPL8000064,34032866
65,SPL8000065,34032949
66,SPL8000066,34032954
67,SPL8000067,34032963
68,SPL8000068,34032966;34032967
69,SPL8000069,34032969;34045548
70,SPL8000070,34032986
71,SPL8000071,34032987
72,SPL8000072,34033084
73,SPL8000073,34033091
74,SPL8000074,34033217
75,SPL8000075,34033218
76,SPL8000076,34033374;38063201
77,SPL8000077,34033492;34038918;34039832;34041053;34045392;38041190;38048288;38061185;38062478
78,SPL8000078,34033772;38062833
79,SPL8000079,34033840
80,SPL8000080,34034294
81,SPL8000081,34034499;38062215
82,SPL8000082,34034535;34078362;38049167;38060424;38062435;38062535
83,SPL8000083,34034629;38019369
84,SPL8000084,34034878
85,SPL8000085,34034879;38063714;38063969
86,SPL8000086,34034880;38041265;38063724
87,SPL8000087,34034893
88,SPL8000088,34034988
89,SPL8000089,34035025;34041923
90,SPL8000090,34035027
91,SPL8000091,34035028
92,SPL8000092,34035087
93,SPL8000093,34035496;34042269
94,SPL8000094,34035521
95,SPL8000095,34035576
96,SPL8000096,34035632
97,SPL8000097,34035637
98,SPL8000098,34035641
99,SPL8000099,34035793;34041509
100,SPL8000100,34036259;34083905
101,SPL8000101,34036270
102,SPL8000102,34036281
103,SPL8000103,34036283;34037531
104,SPL8000104,34036285
105,SPL8000105,34036366
106,SPL8000106,34036823
107,SPL8000107,34036841
108,SPL8000108,34037290
109,SPL8000109,34037292
110,SPL8000110,34037293
111,SPL8000111,34037302;38059435
112,SPL8000112,34037305;34041054;34045393;34081877;38047514;38049170
113,SPL8000113,34037362;34037363
114,SPL8000114,34037481
115,SPL8000115,34037529;38041993;38047630;38059312;38063025
116,SPL8000116,34037577;34042577
117,SPL8000117,34037609;38049672
118,SPL8000118,34037880
119,SPL8000119,34037901
120,SPL8000120,34038030
121,SPL8000121,34038041
122,SPL8000122,34038079
123,SPL8000123,34038170
124,SPL8000124,34038245
125,SPL8000125,34038284
126,SPL8000126,34038453
127,SPL8000127,34038560;38062456;38064014
128,SPL8000128,34038561;38063331;38064015
129,SPL8000129,34038660;38046510;38059309
130,SPL8000130,34038820;38049156
131,SPL8000131,34038905;34087199
132,SPL8000132,34039175
133,SPL8000133,34039296
134,SPL8000134,34039297
135,SPL8000135,34039301
136,SPL8000136,34039358;38043036;38059293
137,SPL8000137,34039359
138,SPL8000138,34039473
139,SPL8000139,34039474
140,SPL8000140,34039475
141,SPL8000141,34039723;34041976;34043055;34078361;38044191;38044301;38045382;38047989;38049068;38049281;38060265;38062359;38062534
142,SPL8000142,34039949;34041975;34043054;34049843;38040838;38041599;38044304;38047988;38059276;38060423;38060928
143,SPL8000143,34040078
144,SPL8000144,34040661;38063732
145,SPL8000145,34040812
146,SPL8000146,34040947;34042044;34047153
147,SPL8000147,34041116
148,SPL8000148,34041117;34041524
149,SPL8000149,34041122
150,SPL8000150,34041123
151,SPL8000151,34041209;38048468
152,SPL8000152,34041213;34052910
153,SPL8000153,34041321
154,SPL8000154,34041397
155,SPL8000155,34041522
156,SPL8000156,34041523;34041525
157,SPL8000157,34041611
158,SPL8000158,34041612;38041992
159,SPL8000159,34041613
160,SPL8000160,34041614
161,SPL8000161,34041899
162,SPL8000162,34041974;34080746
163,SPL8000163,34042011
164,SPL8000164,34042075
165,SPL8000165,34042083
166,SPL8000166,34042232
167,SPL8000167,34042233;38046131
168,SPL8000168,34042242
169,SPL8000169,34042322;38041999
170,SPL8000170,34042323;38042000;38049213;38062071;38063071;38065161
171,SPL8000171,34042353
172,SPL8000172,34042354
173,SPL8000173,34042372
174,SPL8000174,34042374
175,SPL8000175,34042382
176,SPL8000176,34042383
177,SPL8000177,34042384
178,SPL8000178,34042385
179,SPL8000179,34042386
180,SPL8000180,34042387
181,SPL8000181,34042388
182,SPL8000182,34042389
183,SPL8000183,34042390
184,SPL8000184,34042397
185,SPL8000185,34042398
186,SPL8000186,34042399
187,SPL8000187,34042407
188,SPL8000188,34042421
189,SPL8000189,34042439;34055054
190,SPL8000190,34042440
191,SPL8000191,34042441;34042442
192,SPL8000192,34042443
193,SPL8000193,34042444
194,SPL8000194,34042445
195,SPL8000195,34042446
196,SPL8000196,34042484
197,SPL8000197,34042491;38034850;38046132
198,SPL8000198,34042584
199,SPL8000199,34042602
200,SPL8000200,34042611
201,SPL8000201,34042984
202,SPL8000202,34042987
203,SPL8000203,34043052
204,SPL8000204,34043056
205,SPL8000205,34043065
206,SPL8000206,34043327;34044757;34086589;38049037
207,SPL8000207,34043385
208,SPL8000208,34043479
209,SPL8000209,34043483
210,SPL8000210,34043522;34048081;38065172
211,SPL8000211,34043703;38037750;38044029;38044033;38045781;38047250;38049697
212,SPL8000212,34043704;34076263;34076267;38037751;38044030;38044034;38045782;38049495;38049505;38049698;38060503;38061805
213,SPL8000213,34043705;34072816;38037752;38044031;38044035;38045869;38049496;38049499
214,SPL8000214,34044055;38042469
215,SPL8000215,34044161
216,SPL8000216,34044162
217,SPL8000217,34044163
218,SPL8000218,34044164;38037697
219,SPL8000219,34044165;38037714
220,SPL8000220,34044604
221,SPL8000221,34044607
222,SPL8000222,34044610
223,SPL8000223,34044640
224,SPL8000224,34044651
225,SPL8000225,34044719
226,SPL8000226,34044723
227,SPL8000227,34044743
228,SPL8000228,34045063
229,SPL8000229,34045089
230,SPL8000230,34045090
231,SPL8000231,34045093
232,SPL8000232,34045387
233,SPL8000233,34045445
234,SPL8000234,34045446;38045070;38047599;38049341
235,SPL8000235,34045448;34076981;34077009;34081627;38045074;38047605;38049349
236,SPL8000236,34045456
237,SPL8000237,34045546
238,SPL8000238,34045651
239,SPL8000239,34045652;34075241;38037758;38045073;38047604;38049348;38062545;38065127;38065143;38066412;38066424
240,SPL8000240,34046053
241,SPL8000241,34046057
242,SPL8000242,34046071
243,SPL8000243,34046072
244,SPL8000244,34046187
245,SPL8000245,34046225;38044025;38045868;38049473;38061782;38061783;38063425;38063427
246,SPL8000246,34046272;38037729
247,SPL8000247,34046547
248,SPL8000248,34046979
249,SPL8000249,34047234
250,SPL8000250,34047372
251,SPL8000251,34047591
252,SPL8000252,34047635;38046028
253,SPL8000253,34047815;38063218
254,SPL8000254,34048353
255,SPL8000255,34048354
256,SPL8000256,34048355
257,SPL8000257,34048356
258,SPL8000258,34048506
259,SPL8000259,34048533
260,SPL8000260,34048534
261,SPL8000261,34048679
262,SPL8000262,34049183
263,SPL8000263,34049212;34052554;38047987
264,SPL8000264,34049261
265,SPL8000265,34049453
266,SPL8000266,34049488;34049489;34051881;34051885;34065912;34076500;34076501;34079967;34079973;34080832;34082248
267,SPL8000267,34049946
268,SPL8000268,34049947
269,SPL8000269,34050002
270,SPL8000270,34050003
271,SPL8000271,34050042;38063188
272,SPL8000272,34050351
273,SPL8000273,34050711
274,SPL8000274,34050734
275,SPL8000275,34050762
276,SPL8000276,34050980
277,SPL8000277,34051009
278,SPL8000278,34051119
279,SPL8000279,34051152
280,SPL8000280,34051512;38063220
281,SPL8000281,34051513;38063219
282,SPL8000282,34051574
283,SPL8000283,34051741
284,SPL8000284,34051747;38062581
285,SPL8000285,34051791
286,SPL8000286,34051851
287,SPL8000287,34051882;34065914;34081865;34081866;34082702;34082703;34086591
288,SPL8000288,34051884
289,SPL8000289,34052155
290,SPL8000290,34052326
291,SPL8000291,34052344
292,SPL8000292,34052345
293,SPL8000293,34052347;38038454
294,SPL8000294,34052348
295,SPL8000295,34052349
296,SPL8000296,34052350
297,SPL8000297,34052351
298,SPL8000298,34052352
299,SPL8000299,34052353
300,SPL8000300,34052357
301,SPL8000301,34052358
302,SPL8000302,34052359
303,SPL8000303,34052363
304,SPL8000304,34052365
305,SPL8000305,34052366;38044364
306,SPL8000306,34052367
307,SPL8000307,34052368
308,SPL8000308,34052369
309,SPL8000309,34052370
310,SPL8000310,34052371
311,SPL8000311,34052372
312,SPL8000312,34052373
313,SPL8000313,34052374
314,SPL8000314,34052375
315,SPL8000315,34052394;38066077
316,SPL8000316,34052395;38042307;38065841;38066076
317,SPL8000317,34052396
318,SPL8000318,34052423
319,SPL8000319,34052514
320,SPL8000320,34052515
321,SPL8000321,34052516
322,SPL8000322,34052517
323,SPL8000323,34052519
324,SPL8000324,34052520
325,SPL8000325,34052522
326,SPL8000326,34052531
327,SPL8000327,34052532
328,SPL8000328,34052533
329,SPL8000329,34052534
330,SPL8000330,34052535
331,SPL8000331,34052536
332,SPL8000332,34052537
333,SPL8000333,34052555;34075391
334,SPL8000334,34052654;34053268;38041019
335,SPL8000335,34052672
336,SPL8000336,34052951
337,SPL8000337,34053051
338,SPL8000338,34053140;38047464;38049648
339,SPL8000339,34053175;34067100;34077343
340,SPL8000340,34053176
341,SPL8000341,34053177
342,SPL8000342,34053178;34073640
343,SPL8000343,34053257
344,SPL8000344,34053258
345,SPL8000345,34053259;34078910
346,SPL8000346,34053260
347,SPL8000347,34053263
348,SPL8000348,34053266;34067466;34068663;34072776
349,SPL8000349,34053269;34061271;34074674;34076858;34079384;34080033;34080723
350,SPL8000350,34053270
351,SPL8000351,34053271
352,SPL8000352,34053273
353,SPL8000353,34053274
354,SPL8000354,34053275
355,SPL8000355,34053276
356,SPL8000356,34053278
357,SPL8000357,34053279
358,SPL8000358,34053282
359,SPL8000359,34053284;34071762
360,SPL8000360,34053285;34074749
361,SPL8000361,34053286
362,SPL8000362,34053287
363,SPL8000363,34053289
364,SPL8000364,34053290
365,SPL8000365,34053291
366,SPL8000366,34053292
367,SPL8000367,34053293
368,SPL8000368,34053294
369,SPL8000369,34053429
370,SPL8000370,34053433
371,SPL8000371,34053434
372,SPL8000372,34053448
373,SPL8000373,34053449
374,SPL8000374,34053450
375,SPL8000375,34053451
376,SPL8000376,34053452
377,SPL8000377,34053453
378,SPL8000378,34053454
379,SPL8000379,34053459
380,SPL8000380,34053463
381,SPL8000381,34053466
382,SPL8000382,34053467
383,SPL8000383,34053468
384,SPL8000384,34053469
385,SPL8000385,34053470
386,SPL8000386,34053472
387,SPL8000387,34053473
388,SPL8000388,34053474
389,SPL8000389,34053475
390,SPL8000390,34053476
391,SPL8000391,34053477
392,SPL8000392,34053478
393,SPL8000393,34053479
394,SPL8000394,34053494;38042396;38059920;38063633
395,SPL8000395,34053495
396,SPL8000396,34053496
397,SPL8000397,34053497
398,SPL8000398,34053498
399,SPL8000399,34053499
400,SPL8000400,34053500
401,SPL8000401,34053504
402,SPL8000402,34053508
403,SPL8000403,34053511
404,SPL8000404,34053512
405,SPL8000405,34053513
406,SPL8000406,34053514
407,SPL8000407,34053515
408,SPL8000408,34053516
409,SPL8000409,34053517
410,SPL8000410,34053518
411,SPL8000411,34053519
412,SPL8000412,34053520
413,SPL8000413,34053521
414,SPL8000414,34053522
415,SPL8000415,34053523
416,SPL8000416,34053527;34079624
417,SPL8000417,34053528
418,SPL8000418,34053532
419,SPL8000419,34053534
420,SPL8000420,34053535
421,SPL8000421,34053536
422,SPL8000422,34053537
423,SPL8000423,34053538
424,SPL8000424,34053539
425,SPL8000425,34053541
426,SPL8000426,34053542
427,SPL8000427,34053543
428,SPL8000428,34053544
429,SPL8000429,34053545
430,SPL8000430,34053546
431,SPL8000431,34053547;34071764
432,SPL8000432,34053548
433,SPL8000433,34053566
434,SPL8000434,34053571
435,SPL8000435,34053573
436,SPL8000436,34053576
437,SPL8000437,34053577
438,SPL8000438,34053578
439,SPL8000439,34053579
440,SPL8000440,34053580
441,SPL8000441,34053581
442,SPL8000442,34053582
443,SPL8000443,34053583
444,SPL8000444,34053584
445,SPL8000445,34053585
446,SPL8000446,34053586
447,SPL8000447,34053587
448,SPL8000448,34053588
449,SPL8000449,34053589
450,SPL8000450,34053590
451,SPL8000451,34053591
452,SPL8000452,34053592
453,SPL8000453,34053593
454,SPL8000454,34053594
455,SPL8000455,34053595
456,SPL8000456,34053596
457,SPL8000457,34053597
458,SPL8000458,34053598
459,SPL8000459,34053599
460,SPL8000460,34053600
461,SPL8000461,34053601
462,SPL8000462,34053602
463,SPL8000463,34053603
464,SPL8000464,34053604
465,SPL8000465,34053605
466,SPL8000466,34053606
467,SPL8000467,34053607
468,SPL8000468,34053608
469,SPL8000469,34053609
470,SPL8000470,34053610
471,SPL8000471,34053611
472,SPL8000472,34053612
473,SPL8000473,34053613
474,SPL8000474,34053614
475,SPL8000475,34053615
476,SPL8000476,34053616
477,SPL8000477,34053617
478,SPL8000478,34053618
479,SPL8000479,34053619
480,SPL8000480,34053640
481,SPL8000481,34053641
482,SPL8000482,34054852
483,SPL8000483,34054853
484,SPL8000484,34054854
485,SPL8000485,34054856
486,SPL8000486,34054857
487,SPL8000487,34054858
488,SPL8000488,34054859
489,SPL8000489,34054860
490,SPL8000490,34054861;34061622;34068335;34075362;34077079;34079803
491,SPL8000491,34054862
492,SPL8000492,34054863
493,SPL8000493,34054872
494,SPL8000494,34054873
495,SPL8000495,34054875
496,SPL8000496,34054877
497,SPL8000497,34054879
498,SPL8000498,34054882
499,SPL8000499,34054897
500,SPL8000500,34054903
501,SPL8000501,34054904
502,SPL8000502,34054905
503,SPL8000503,34054906
504,SPL8000504,34054907
505,SPL8000505,34054908
506,SPL8000506,34054909
507,SPL8000507,34054910
508,SPL8000508,34054911
509,SPL8000509,34054912
510,SPL8000510,34054913
511,SPL8000511,34054914
512,SPL8000512,34054915
513,SPL8000513,34054916
514,SPL8000514,34054917
515,SPL8000515,34054918
516,SPL8000516,34054919
517,SPL8000517,34054920
518,SPL8000518,34054921
519,SPL8000519,34054922
520,SPL8000520,34054923
521,SPL8000521,34054924
522,SPL8000522,34054925
523,SPL8000523,34054926
524,SPL8000524,34054934
525,SPL8000525,34054935;34076320
526,SPL8000526,34054936
527,SPL8000527,34054937
528,SPL8000528,34054938
529,SPL8000529,34054940
530,SPL8000530,34054941
531,SPL8000531,34054942
532,SPL8000532,34054943
533,SPL8000533,34054944
534,SPL8000534,34054945
535,SPL8000535,34054951;38038382;38039074
536,SPL8000536,34054952
537,SPL8000537,34054953
538,SPL8000538,34054954
539,SPL8000539,34054955
540,SPL8000540,34054956
541,SPL8000541,34054957
542,SPL8000542,34054958
543,SPL8000543,34054959
544,SPL8000544,34054960
545,SPL8000545,34054961
546,SPL8000546,34054962
547,SPL8000547,34055044
548,SPL8000548,34055045
549,SPL8000549,34055046
550,SPL8000550,34055047
551,SPL8000551,34055048
552,SPL8000552,34055049
553,SPL8000553,34055050
554,SPL8000554,34055051
555,SPL8000555,34055052
556,SPL8000556,34055053
557,SPL8000557,34055055
558,SPL8000558,34055056
559,SPL8000559,34055057
560,SPL8000560,34055058
561,SPL8000561,34055059
562,SPL8000562,34055060
563,SPL8000563,34055061
564,SPL8000564,34055062
565,SPL8000565,34055063
566,SPL8000566,34055175
567,SPL8000567,34055176
568,SPL8000568,34055177
569,SPL8000569,34055178
570,SPL8000570,34055179
571,SPL8000571,34055180
572,SPL8000572,34055194
573,SPL8000573,34055202
574,SPL8000574,34055203
575,SPL8000575,34055213
576,SPL8000576,34055217
577,SPL8000577,34055223
578,SPL8000578,34055224
579,SPL8000579,34055225
580,SPL8000580,34055227
581,SPL8000581,34055230
582,SPL8000582,34055231
583,SPL8000583,34055232
584,SPL8000584,34055233
585,SPL8000585,34055234
586,SPL8000586,34055238
587,SPL8000587,34055239
588,SPL8000588,34055241
589,SPL8000589,34055316;34066939;34073639
590,SPL8000590,34055317
591,SPL8000591,34057375
592,SPL8000592,34057376
593,SPL8000593,34061194
594,SPL8000594,34061253
595,SPL8000595,34061254
596,SPL8000596,34061255
597,SPL8000597,34061256
598,SPL8000598,34061257
599,SPL8000599,34061258
600,SPL8000600,34061642
601,SPL8000601,34061645;34062436
602,SPL8000602,34061648
603,SPL8000603,34061654
604,SPL8000604,34061656
605,SPL8000605,34061657
606,SPL8000606,34061660
607,SPL8000607,34061666
608,SPL8000608,34061667
609,SPL8000609,34061672
610,SPL8000610,34061676
611,SPL8000611,34061677
612,SPL8000612,34061678
613,SPL8000613,34061680;34081864
614,SPL8000614,34061685
615,SPL8000615,34061784
616,SPL8000616,34061828
617,SPL8000617,34061829
618,SPL8000618,34061830
619,SPL8000619,34061831
620,SPL8000620,34061832
621,SPL8000621,34061834
622,SPL8000622,34061927
623,SPL8000623,34061928;34068151
624,SPL8000624,34062077
625,SPL8000625,34062078
626,SPL8000626,34062079
627,SPL8000627,34062080
628,SPL8000628,34062153
629,SPL8000629,34062160
630,SPL8000630,34062441;38063223
631,SPL8000631,34062474
632,SPL8000632,34062501;34062676;34076085;34077138
633,SPL8000633,34062502;34062677;34076847;34077036
634,SPL8000634,34062503;34062678;34076029;34076846
635,SPL8000635,34062504;38063405
636,SPL8000636,34062505
637,SPL8000637,34062506;34062679;34076000;34077035
638,SPL8000638,34062507;38063406
639,SPL8000639,34062508;38063390
640,SPL8000640,34062509;38063408
641,SPL8000641,34062510;34076867
642,SPL8000642,34062511;34076868
643,SPL8000643,34062531
644,SPL8000644,34062635
645,SPL8000645,34062636
646,SPL8000646,34062937;34068864
647,SPL8000647,34063422
648,SPL8000648,34063835;38046221;38059496
649,SPL8000649,34063842;34071851
650,SPL8000650,34063940
651,SPL8000651,34064040;34080280
652,SPL8000652,34064054
653,SPL8000653,34064055
654,SPL8000654,34064690;38064484;38065167
655,SPL8000655,34065091;38048506
656,SPL8000656,34065268;34067163;34067165;34072888
657,SPL8000657,34065269
658,SPL8000658,34065270
659,SPL8000659,34065515
660,SPL8000660,34065516
661,SPL8000661,34065517;34072780
662,SPL8000662,34065791;34082359
663,SPL8000663,34065910;34079577;34080030
664,SPL8000664,34065911
665,SPL8000665,34065913
666,SPL8000666,34065988
667,SPL8000667,34066270
668,SPL8000668,34066271
669,SPL8000669,34066281
670,SPL8000670,34066282
671,SPL8000671,34066283;38063471
672,SPL8000672,34066284;38063193
673,SPL8000673,34066285
674,SPL8000674,34066286;38063198
675,SPL8000675,34066287;38063407
676,SPL8000676,34066502
677,SPL8000677,34066503
678,SPL8000678,34066504
679,SPL8000679,34066505
680,SPL8000680,34066506
681,SPL8000681,34066507
682,SPL8000682,34066508
683,SPL8000683,34066511;34077010
684,SPL8000684,34067017
685,SPL8000685,34067018;38060434;38065781;38066457
686,SPL8000686,34067087
687,SPL8000687,34067088
688,SPL8000688,34067089
689,SPL8000689,34067090
690,SPL8000690,34067091
691,SPL8000691,34067092
692,SPL8000692,34067093
693,SPL8000693,34067094
694,SPL8000694,34067095
695,SPL8000695,34067096
696,SPL8000696,34067097
697,SPL8000697,34067098
698,SPL8000698,34067099
699,SPL8000699,34067102
700,SPL8000700,34067103
701,SPL8000701,34067104
702,SPL8000702,34067109
703,SPL8000703,34067110
704,SPL8000704,34067111
705,SPL8000705,34067112
706,SPL8000706,34067113
707,SPL8000707,34067114
708,SPL8000708,34067115
709,SPL8000709,34067117
710,SPL8000710,34067118
711,SPL8000711,34067119
712,SPL8000712,34067120
713,SPL8000713,34067121
714,SPL8000714,34067122
715,SPL8000715,34067123
716,SPL8000716,34067124
717,SPL8000717,34067125
718,SPL8000718,34067126
719,SPL8000719,34067127
720,SPL8000720,34067128
721,SPL8000721,34067129
722,SPL8000722,34067130
723,SPL8000723,34067131
724,SPL8000724,34067132
725,SPL8000725,34067133
726,SPL8000726,34067134
727,SPL8000727,34067135
728,SPL8000728,34067136
729,SPL8000729,34067137
730,SPL8000730,34067138
731,SPL8000731,34067139
732,SPL8000732,34067142
733,SPL8000733,34067143
734,SPL8000734,34067149
735,SPL8000735,34067150
736,SPL8000736,34067151
737,SPL8000737,34067152
738,SPL8000738,34067153
739,SPL8000739,34067154
740,SPL8000740,34067155
741,SPL8000741,34067156
742,SPL8000742,34067157
743,SPL8000743,34067158
744,SPL8000744,34067159
745,SPL8000745,34067160
746,SPL8000746,34067161;34067162;34072887
747,SPL8000747,34067164;34067166;34071680;34072883
748,SPL8000748,34067167;34067168;34071966;34072886
749,SPL8000749,34067171;34071918;34074421;34074663
750,SPL8000750,34067172;34074198;34080354;34080394;34081878;34086600
751,SPL8000751,34067173
752,SPL8000752,34067174
753,SPL8000753,34067181
754,SPL8000754,34067182
755,SPL8000755,34067473
756,SPL8000756,34067502
757,SPL8000757,34067503
758,SPL8000758,34067509
759,SPL8000759,34067517;38059803
760,SPL8000760,34067559;34074422
761,SPL8000761,34067562
762,SPL8000762,34067566
763,SPL8000763,34067580
764,SPL8000764,34067581
765,SPL8000765,34067582
766,SPL8000766,34067583
767,SPL8000767,34067584
768,SPL8000768,34067586
769,SPL8000769,34067591
770,SPL8000770,34067595
771,SPL8000771,34067596
772,SPL8000772,34067604
773,SPL8000773,34067608
774,SPL8000774,34067610
775,SPL8000775,34067684
776,SPL8000776,34067775
777,SPL8000777,34067780
778,SPL8000778,34067911
779,SPL8000779,34067912
780,SPL8000780,34067913
781,SPL8000781,34067914
782,SPL8000782,34067915
783,SPL8000783,34067916
784,SPL8000784,34067917
785,SPL8000785,34067918
786,SPL8000786,34067919
787,SPL8000787,34067920
788,SPL8000788,34067921
789,SPL8000789,34067922
790,SPL8000790,34067923
791,SPL8000791,34067924
792,SPL8000792,34067925
793,SPL8000793,34067926
794,SPL8000794,34067927
795,SPL8000795,34067928
796,SPL8000796,34067929
797,SPL8000797,34067930
798,SPL8000798,34067931
799,SPL8000799,34067932
800,SPL8000800,34067933
801,SPL8000801,34067934
802,SPL8000802,34067935
803,SPL8000803,34067936
804,SPL8000804,34067937
805,SPL8000805,34067938
806,SPL8000806,34067939
807,SPL8000807,34067940
808,SPL8000808,34067941
809,SPL8000809,34067942
810,SPL8000810,34067943
811,SPL8000811,34067944
812,SPL8000812,34067945
813,SPL8000813,34067946
814,SPL8000814,34067947
815,SPL8000815,34067948
816,SPL8000816,34067949
817,SPL8000817,34067950
818,SPL8000818,34067951
819,SPL8000819,34067952
820,SPL8000820,34067953
821,SPL8000821,34067954
822,SPL8000822,34067955
823,SPL8000823,34067956
824,SPL8000824,34067957
825,SPL8000825,34067958
826,SPL8000826,34067959
827,SPL8000827,34067960
828,SPL8000828,34067961
829,SPL8000829,34067962
830,SPL8000830,34067963
831,SPL8000831,34067964
832,SPL8000832,34067965
833,SPL8000833,34067966
834,SPL8000834,34067967
835,SPL8000835,34067968
836,SPL8000836,34067969
837,SPL8000837,34067970
838,SPL8000838,34067971
839,SPL8000839,34067972
840,SPL8000840,34067973
841,SPL8000841,34067974
842,SPL8000842,34067975
843,SPL8000843,34067976
844,SPL8000844,34067977
845,SPL8000845,34067978
846,SPL8000846,34067979
847,SPL8000847,34067980
848,SPL8000848,34067981
849,SPL8000849,34067982
850,SPL8000850,34067983
851,SPL8000851,34067984
852,SPL8000852,34067985
853,SPL8000853,34067986
854,SPL8000854,34067987
855,SPL8000855,34067988
856,SPL8000856,34067989
857,SPL8000857,34067990
858,SPL8000858,34067991
859,SPL8000859,34067992
860,SPL8000860,34067993
861,SPL8000861,34067994
862,SPL8000862,34067995
863,SPL8000863,34067996
864,SPL8000864,34067997
865,SPL8000865,34067998
866,SPL8000866,34067999
867,SPL8000867,34068000
868,SPL8000868,34068001
869,SPL8000869,34068002
870,SPL8000870,34068003
871,SPL8000871,34068004
872,SPL8000872,34068005
873,SPL8000873,34068006
874,SPL8000874,34068007
875,SPL8000875,34068008
876,SPL8000876,34068009
877,SPL8000877,34068010
878,SPL8000878,34068011
879,SPL8000879,34068012
880,SPL8000880,34068013
881,SPL8000881,34068014
882,SPL8000882,34068015
883,SPL8000883,34068016
884,SPL8000884,34068017
885,SPL8000885,34068018
886,SPL8000886,34068019
887,SPL8000887,34068020
888,SPL8000888,34068021
889,SPL8000889,34068022
890,SPL8000890,34068023
891,SPL8000891,34068024
892,SPL8000892,34068025
893,SPL8000893,34068026
894,SPL8000894,34068027
895,SPL8000895,34068028
896,SPL8000896,34068029
897,SPL8000897,34068030
898,SPL8000898,34068031
899,SPL8000899,34068032
900,SPL8000900,34068033
901,SPL8000901,34068034
902,SPL8000902,34068081
903,SPL8000903,34068110
904,SPL8000904,34068129
905,SPL8000905,34068147
906,SPL8000906,34068153
907,SPL8000907,34068163
908,SPL8000908,34068164;34074792;34080253;34083571
909,SPL8000909,34068173
910,SPL8000910,34068175
911,SPL8000911,34068192
912,SPL8000912,34068193
913,SPL8000913,34068196
914,SPL8000914,34068202
915,SPL8000915,34068253
916,SPL8000916,34068255
917,SPL8000917,34068319;38045976
918,SPL8000918,34068414
919,SPL8000919,34068522
920,SPL8000920,34068681;34073559
921,SPL8000921,34068786
922,SPL8000922,34068788;38065215
923,SPL8000923,34068828
924,SPL8000924,34068869
925,SPL8000925,34068903
926,SPL8000926,34068917
927,SPL8000927,34068947
928,SPL8000928,34071101
929,SPL8000929,34071102
930,SPL8000930,34071316;34079386;34080317
931,SPL8000931,34071317
932,SPL8000932,34071318
933,SPL8000933,34071319;34078082
934,SPL8000934,34071322
935,SPL8000935,34071323;34074140
936,SPL8000936,34071324
937,SPL8000937,34071325
938,SPL8000938,34071326
939,SPL8000939,34071327
940,SPL8000940,34071328
941,SPL8000941,34071329
942,SPL8000942,34071330
943,SPL8000943,34071331
944,SPL8000944,34071332
945,SPL8000945,34071333
946,SPL8000946,34071334
947,SPL8000947,34071335
948,SPL8000948,34071336
949,SPL8000949,34071337
950,SPL8000950,34071338
951,SPL8000951,34071339
952,SPL8000952,34071340;34084869
953,SPL8000953,34071343
954,SPL8000954,34071344
955,SPL8000955,34071345
956,SPL8000956,34071346
957,SPL8000957,34071347
958,SPL8000958,34071348
959,SPL8000959,34071349
960,SPL8000960,34071350
961,SPL8000961,34071351
962,SPL8000962,34071352
963,SPL8000963,34071353
964,SPL8000964,34071354
965,SPL8000965,34071355
966,SPL8000966,34071356
967,SPL8000967,34071358
968,SPL8000968,34071359
969,SPL8000969,34071360
970,SPL8000970,34071361
971,SPL8000971,34071362
972,SPL8000972,34071363
973,SPL8000973,34071364
974,SPL8000974,34071365
975,SPL8000975,34071366
976,SPL8000976,34071403;34071909
977,SPL8000977,34071515;34075912
978,SPL8000978,34071516;34075913
979,SPL8000979,34071574
980,SPL8000980,34071575
981,SPL8000981,34071589
982,SPL8000982,34071644
983,SPL8000983,34071645
984,SPL8000984,34071648
985,SPL8000985,34071649
986,SPL8000986,34071650
987,SPL8000987,34071652
988,SPL8000988,34071653
989,SPL8000989,34071654
990,SPL8000990,34071655
991,SPL8000991,34071656
992,SPL8000992,34071657
993,SPL8000993,34071658
994,SPL8000994,34071660
995,SPL8000995,34071661;34074138
996,SPL8000996,34071662
997,SPL8000997,34071663
998,SPL8000998,34071665;34078722
999,SPL8000999,34071666
1000,SPL8001000,34071667
1001,SPL8001001,34071668
1002,SPL8001002,34071669
1003,SPL8001003,34071670
1004,SPL8001004,34071671
1005,SPL8001005,34071672
1006,SPL8001006,34071673
1007,SPL8001007,34071674
1008,SPL8001008,34071755;34081481
1009,SPL8001009,34071756;34076172;34079380;34079383;34080781
1010,SPL8001010,34071763
1011,SPL8001011,34071860
1012,SPL8001012,34071861
1013,SPL8001013,34071907
1014,SPL8001014,34071910
1015,SPL8001015,34071911
1016,SPL8001016,34071912
1017,SPL8001017,34071915;38063403;38063709
1018,SPL8001018,34071916;38044540;38048280;38063710
1019,SPL8001019,34071919
1020,SPL8001020,34071921
1021,SPL8001021,34071922;34080105;38043977
1022,SPL8001022,34071924
1023,SPL8001023,34072008;34075914
1024,SPL8001024,34072011
1025,SPL8001025,34072044;34075915
1026,SPL8001026,34072115;34075916
1027,SPL8001027,34072116;34075917
1028,SPL8001028,34072117;34075918
1029,SPL8001029,34072118;34075919
1030,SPL8001030,34072119;34075920
1031,SPL8001031,34072120;34075921
1032,SPL8001032,34072121;34075922
1033,SPL8001033,34072122;34075923
1034,SPL8001034,34072123;34075924
1035,SPL8001035,34072124;34075925
1036,SPL8001036,34072125;34075926
1037,SPL8001037,34072126;34075927
1038,SPL8001038,34072127;34075928
1039,SPL8001039,34072128;34075929
1040,SPL8001040,34072129;34075930
1041,SPL8001041,34072130;34075931
1042,SPL8001042,34072131;34075932
1043,SPL8001043,34072132;34075933
1044,SPL8001044,34072133;34075934
1045,SPL8001045,34072134;34075935
1046,SPL8001046,34072135;34075936
1047,SPL8001047,34072136;34075937
1048,SPL8001048,34072137;34075938
1049,SPL8001049,34072139;34075939
1050,SPL8001050,34072140;34075940
1051,SPL8001051,34072141;34075941
1052,SPL8001052,34072142;34075942
1053,SPL8001053,34072143;34075943
1054,SPL8001054,34072144;34075944
1055,SPL8001055,34072145;34075945
1056,SPL8001056,34072146;34075946
1057,SPL8001057,34072147;34075947
1058,SPL8001058,34072148;34075948
1059,SPL8001059,34072149;34075949
1060,SPL8001060,34072150;34075950
1061,SPL8001061,34072151;34075951
1062,SPL8001062,34072152;34075952
1063,SPL8001063,34072153;34075953
1064,SPL8001064,34072154;34075954
1065,SPL8001065,34072155;34075955
1066,SPL8001066,34072156;34075956
1067,SPL8001067,34072157;34075957
1068,SPL8001068,34072158;34075958
1069,SPL8001069,34072159;34075959
1070,SPL8001070,34072160;34075960
1071,SPL8001071,34072161;34075961
1072,SPL8001072,34072163;34075962
1073,SPL8001073,34072164;34075963
1074,SPL8001074,34072165;34075964
1075,SPL8001075,34072166;34075965
1076,SPL8001076,34072167;34075966
1077,SPL8001077,34072168;34075967
1078,SPL8001078,34072683
1079,SPL8001079,34072684
1080,SPL8001080,34072686
1081,SPL8001081,34072687
1082,SPL8001082,34072689
1083,SPL8001083,34072691
1084,SPL8001084,34072692
1085,SPL8001085,34072693
1086,SPL8001086,34072694
1087,SPL8001087,34072695;34075820;38041844
1088,SPL8001088,34072696
1089,SPL8001089,34072697
1090,SPL8001090,34072698
1091,SPL8001091,34072699
1092,SPL8001092,34072700
1093,SPL8001093,34072720;38063392
1094,SPL8001094,34072731;38063462
1095,SPL8001095,34072732;38063451
1096,SPL8001096,34072733;38063458
1097,SPL8001097,34072734;38063391
1098,SPL8001098,34072735;38063459
1099,SPL8001099,34072736;38063478
1100,SPL8001100,34072737;38063477
1101,SPL8001101,34072738;38063460
1102,SPL8001102,34072739;38063461;38067360;38067503
1103,SPL8001103,34072740;38063456
1104,SPL8001104,34072741;38063457
1105,SPL8001105,34072742;38063452
1106,SPL8001106,34072743;38063453
1107,SPL8001107,34072744;38063454;38067394
1108,SPL8001108,34072745;38063455
1109,SPL8001109,34072746;38063476
1110,SPL8001110,34072747
1111,SPL8001111,34072749
1112,SPL8001112,34072762
1113,SPL8001113,34072803
1114,SPL8001114,34072841
1115,SPL8001115,34072842
1116,SPL8001116,34072843
1117,SPL8001117,34072844
1118,SPL8001118,34072845
1119,SPL8001119,34072846
1120,SPL8001120,34072853;34075461
1121,SPL8001121,34072854;34075462
1122,SPL8001122,34072855;34075463
1123,SPL8001123,34072881
1124,SPL8001124,34072882;34078354;38049036;38061935
1125,SPL8001125,34072987
1126,SPL8001126,34072988
1127,SPL8001127,34072989
1128,SPL8001128,34072990
1129,SPL8001129,34072991
1130,SPL8001130,34072992
1131,SPL8001131,34072993
1132,SPL8001132,34072994
1133,SPL8001133,34072995
1134,SPL8001134,34072996
1135,SPL8001135,34073046;38042229;38062822
1136,SPL8001136,34073121;38045785;38047253
1137,SPL8001137,34073122
1138,SPL8001138,34073123
1139,SPL8001139,34073124
1140,SPL8001140,34073125
1141,SPL8001141,34073126
1142,SPL8001142,34073135
1143,SPL8001143,34073154
1144,SPL8001144,34073155
1145,SPL8001145,34073156
1146,SPL8001146,34073182
1147,SPL8001147,34073231
1148,SPL8001148,34073268
1149,SPL8001149,34073269
1150,SPL8001150,34073282
1151,SPL8001151,34073283
1152,SPL8001152,34073284
1153,SPL8001153,34073285
1154,SPL8001154,34073286
1155,SPL8001155,34073287
1156,SPL8001156,34073288
1157,SPL8001157,34073289
1158,SPL8001158,34073290
1159,SPL8001159,34073291;38064467
1160,SPL8001160,34073292;38064466
1161,SPL8001161,34073293;38064468
1162,SPL8001162,34073294
1163,SPL8001163,34073395
1164,SPL8001164,34073396
1165,SPL8001165,34073413
1166,SPL8001166,34073461
1167,SPL8001167,34073494
1168,SPL8001168,34073560
1169,SPL8001169,34073577
1170,SPL8001170,34073578
1171,SPL8001171,34073579
1172,SPL8001172,34073580
1173,SPL8001173,34073581
1174,SPL8001174,34073582
1175,SPL8001175,34073587
1176,SPL8001176,34073588;34076328
1177,SPL8001177,34073589
1178,SPL8001178,34073590
1179,SPL8001179,34073591
1180,SPL8001180,34073592
1181,SPL8001181,34073593
1182,SPL8001182,34073594
1183,SPL8001183,34073595
1184,SPL8001184,34073596
1185,SPL8001185,34073597
1186,SPL8001186,34073598
1187,SPL8001187,34073599
1188,SPL8001188,34073600
1189,SPL8001189,34073601
1190,SPL8001190,34073602
1191,SPL8001191,34073603
1192,SPL8001192,34073604
1193,SPL8001193,34073605
1194,SPL8001194,34073606
1195,SPL8001195,34073607
1196,SPL8001196,34073609
1197,SPL8001197,34073610
1198,SPL8001198,34073611
1199,SPL8001199,34073612
1200,SPL8001200,34073613
1201,SPL8001201,34073614
1202,SPL8001202,34073615
1203,SPL8001203,34073616
1204,SPL8001204,34073617
1205,SPL8001205,34073618
1206,SPL8001206,34073619
1207,SPL8001207,34073620
1208,SPL8001208,34073621
1209,SPL8001209,34073622
1210,SPL8001210,34073623
1211,SPL8001211,34073624
1212,SPL8001212,34073625
1213,SPL8001213,34073626
1214,SPL8001214,34073627
1215,SPL8001215,34073628
1216,SPL8001216,34073629
1217,SPL8001217,34073630
1218,SPL8001218,34073631
1219,SPL8001219,34073632
1220,SPL8001220,34073633
1221,SPL8001221,34073634
1222,SPL8001222,34073635
1223,SPL8001223,34073636
1224,SPL8001224,34073637
1225,SPL8001225,34073638
1226,SPL8001226,34073641
1227,SPL8001227,34073642
1228,SPL8001228,34073643
1229,SPL8001229,34073644
1230,SPL8001230,34073645
1231,SPL8001231,34073646
1232,SPL8001232,34073647
1233,SPL8001233,34073648
1234,SPL8001234,34073649
1235,SPL8001235,34073650
1236,SPL8001236,34073651
1237,SPL8001237,34073652
1238,SPL8001238,34073653
1239,SPL8001239,34073654
1240,SPL8001240,34073655
1241,SPL8001241,34073656
1242,SPL8001242,34073657
1243,SPL8001243,34073658
1244,SPL8001244,34073659
1245,SPL8001245,34073660
1246,SPL8001246,34073661
1247,SPL8001247,34073662
1248,SPL8001248,34073663
1249,SPL8001249,34073664
1250,SPL8001250,34073665
1251,SPL8001251,34073666
1252,SPL8001252,34073675
1253,SPL8001253,34073676
1254,SPL8001254,34073677
1255,SPL8001255,34073678
1256,SPL8001256,34073679
1257,SPL8001257,34073680
1258,SPL8001258,34073681
1259,SPL8001259,34073682
1260,SPL8001260,34073683
1261,SPL8001261,34073684
1262,SPL8001262,34073685
1263,SPL8001263,34073686
1264,SPL8001264,34073687
1265,SPL8001265,34073688
1266,SPL8001266,34073689
1267,SPL8001267,34073690
1268,SPL8001268,34073691
1269,SPL8001269,34073692
1270,SPL8001270,34073693
1271,SPL8001271,34073694
1272,SPL8001272,34073695
1273,SPL8001273,34073696
1274,SPL8001274,34073697
1275,SPL8001275,34073698
1276,SPL8001276,34073699
1277,SPL8001277,34073701
1278,SPL8001278,34073702
1279,SPL8001279,34073703
1280,SPL8001280,34073704
1281,SPL8001281,34073705
1282,SPL8001282,34073706
1283,SPL8001283,34073707
1284,SPL8001284,34073708
1285,SPL8001285,34073709
1286,SPL8001286,34073710
1287,SPL8001287,34073711
1288,SPL8001288,34073712
1289,SPL8001289,34073713
1290,SPL8001290,34073714
1291,SPL8001291,34073715
1292,SPL8001292,34073716
1293,SPL8001293,34073717
1294,SPL8001294,34073718
1295,SPL8001295,34073719
1296,SPL8001296,34073720
1297,SPL8001297,34073721
1298,SPL8001298,34073722
1299,SPL8001299,34073723;34074861
1300,SPL8001300,34073724;34074862
1301,SPL8001301,34073725;34074863
1302,SPL8001302,34073726;34074864
1303,SPL8001303,34073727
1304,SPL8001304,34073728
1305,SPL8001305,34073729
1306,SPL8001306,34073730
1307,SPL8001307,34073731
1308,SPL8001308,34073732
1309,SPL8001309,34073733
1310,SPL8001310,34073734
1311,SPL8001311,34073735
1312,SPL8001312,34073736
1313,SPL8001313,34073737
1314,SPL8001314,34073738
1315,SPL8001315,34073739
1316,SPL8001316,34073740
1317,SPL8001317,34073741
1318,SPL8001318,34073742
1319,SPL8001319,34073743
1320,SPL8001320,34073744
1321,SPL8001321,34073745
1322,SPL8001322,34073746
1323,SPL8001323,34073753
1324,SPL8001324,34073754
1325,SPL8001325,34073755
1326,SPL8001326,34073756
1327,SPL8001327,34073757
1328,SPL8001328,34073758
1329,SPL8001329,34073759
1330,SPL8001330,34073760
1331,SPL8001331,34073761
1332,SPL8001332,34073762
1333,SPL8001333,34073763
1334,SPL8001334,34073764
1335,SPL8001335,34073765
1336,SPL8001336,34073766
1337,SPL8001337,34073767
1338,SPL8001338,34073768
1339,SPL8001339,34073769
1340,SPL8001340,34073770
1341,SPL8001341,34073771
1342,SPL8001342,34073772
1343,SPL8001343,34073773
1344,SPL8001344,34073774
1345,SPL8001345,34073775
1346,SPL8001346,34073776
1347,SPL8001347,34073777
1348,SPL8001348,34073778
1349,SPL8001349,34073779
1350,SPL8001350,34073780
1351,SPL8001351,34073781
1352,SPL8001352,34073782
1353,SPL8001353,34073783
1354,SPL8001354,34073784
1355,SPL8001355,34073785
1356,SPL8001356,34073786
1357,SPL8001357,34073787
1358,SPL8001358,34073788
1359,SPL8001359,34073789
1360,SPL8001360,34073790
1361,SPL8001361,34073791
1362,SPL8001362,34073792
1363,SPL8001363,34073793
1364,SPL8001364,34073794
1365,SPL8001365,34073795
1366,SPL8001366,34073796
1367,SPL8001367,34073797
1368,SPL8001368,34073798
1369,SPL8001369,34073799
1370,SPL8001370,34073800
1371,SPL8001371,34073801
1372,SPL8001372,34073802
1373,SPL8001373,34073803
1374,SPL8001374,34073804
1375,SPL8001375,34073805
1376,SPL8001376,34073806
1377,SPL8001377,34073815
1378,SPL8001378,34073818
1379,SPL8001379,34073822
1380,SPL8001380,34073835
1381,SPL8001381,34073836
1382,SPL8001382,34073837
1383,SPL8001383,34073838
1384,SPL8001384,34073839
1385,SPL8001385,34073840
1386,SPL8001386,34073841
1387,SPL8001387,34073842
1388,SPL8001388,34073843
1389,SPL8001389,34073844
1390,SPL8001390,34073845
1391,SPL8001391,34073846
1392,SPL8001392,34073847
1393,SPL8001393,34073848
1394,SPL8001394,34073849
1395,SPL8001395,34073850
1396,SPL8001396,34073851
1397,SPL8001397,34073852
1398,SPL8001398,34073853
1399,SPL8001399,34073854
1400,SPL8001400,34073855
1401,SPL8001401,34073856
1402,SPL8001402,34073857
1403,SPL8001403,34073858;34075705;34079385;38062259
1404,SPL8001404,34073859;34079418
1405,SPL8001405,34073860;34079578
1406,SPL8001406,34073861
1407,SPL8001407,34073862
1408,SPL8001408,34073863
1409,SPL8001409,34073864
1410,SPL8001410,34073865
1411,SPL8001411,34073866
1412,SPL8001412,34073867
1413,SPL8001413,34073868
1414,SPL8001414,34073869
1415,SPL8001415,34073870
1416,SPL8001416,34073871
1417,SPL8001417,34073872
1418,SPL8001418,34073873
1419,SPL8001419,34073874
1420,SPL8001420,34073875
1421,SPL8001421,34073876
1422,SPL8001422,34073877
1423,SPL8001423,34073878
1424,SPL8001424,34073879
1425,SPL8001425,34073880
1426,SPL8001426,34073881
1427,SPL8001427,34073882
1428,SPL8001428,34073883
1429,SPL8001429,34073884
1430,SPL8001430,34073885
1431,SPL8001431,34073887
1432,SPL8001432,34073888
1433,SPL8001433,34073890
1434,SPL8001434,34073891
1435,SPL8001435,34073893
1436,SPL8001436,34073894
1437,SPL8001437,34073896
1438,SPL8001438,34073897
1439,SPL8001439,34073899
1440,SPL8001440,34073900
1441,SPL8001441,34073902
1442,SPL8001442,34073903
1443,SPL8001443,34073905
1444,SPL8001444,34073906
1445,SPL8001445,34073908
1446,SPL8001446,34073909
1447,SPL8001447,34073911
1448,SPL8001448,34073912
1449,SPL8001449,34073914
1450,SPL8001450,34073915
1451,SPL8001451,34073917
1452,SPL8001452,34073918
1453,SPL8001453,34073921
1454,SPL8001454,34073922
1455,SPL8001455,34073923;34074106
1456,SPL8001456,34073924
1457,SPL8001457,34073926
1458,SPL8001458,34073927
1459,SPL8001459,34073929
1460,SPL8001460,34073930
1461,SPL8001461,34073932
1462,SPL8001462,34073933
1463,SPL8001463,34073935
1464,SPL8001464,34073936
1465,SPL8001465,34073938
1466,SPL8001466,34073939
1467,SPL8001467,34073941
1468,SPL8001468,34073942
1469,SPL8001469,34073944
1470,SPL8001470,34073945
1471,SPL8001471,34073947
1472,SPL8001472,34073948
1473,SPL8001473,34073950
1474,SPL8001474,34073951;34077661
1475,SPL8001475,34073974
1476,SPL8001476,34073975
1477,SPL8001477,34073976
1478,SPL8001478,34073977
1479,SPL8001479,34073978
1480,SPL8001480,34073979
1481,SPL8001481,34073980
1482,SPL8001482,34073981
1483,SPL8001483,34073982
1484,SPL8001484,34073983
1485,SPL8001485,34073984
1486,SPL8001486,34073985
1487,SPL8001487,34073986
1488,SPL8001488,34073987
1489,SPL8001489,34073988
1490,SPL8001490,34073989
1491,SPL8001491,34073990
1492,SPL8001492,34073991
1493,SPL8001493,34073992
1494,SPL8001494,34073993
1495,SPL8001495,34073994
1496,SPL8001496,34073995
1497,SPL8001497,34073996
1498,SPL8001498,34073997
1499,SPL8001499,34073998
1500,SPL8001500,34073999
1501,SPL8001501,34074000
1502,SPL8001502,34074001
1503,SPL8001503,34074002
1504,SPL8001504,34074003
1505,SPL8001505,34074004
1506,SPL8001506,34074005
1507,SPL8001507,34074006
1508,SPL8001508,34074007
1509,SPL8001509,34074008
1510,SPL8001510,34074009
1511,SPL8001511,34074010
1512,SPL8001512,34074011
1513,SPL8001513,34074012
1514,SPL8001514,34074013
1515,SPL8001515,34074014
1516,SPL8001516,34074015
1517,SPL8001517,34074016
1518,SPL8001518,34074017
1519,SPL8001519,34074018
1520,SPL8001520,34074019
1521,SPL8001521,34074020
1522,SPL8001522,34074021
1523,SPL8001523,34074022
1524,SPL8001524,34074023
1525,SPL8001525,34074024
1526,SPL8001526,34074025
1527,SPL8001527,34074026
1528,SPL8001528,34074027
1529,SPL8001529,34074028
1530,SPL8001530,34074029
1531,SPL8001531,34074030
1532,SPL8001532,34074031
1533,SPL8001533,34074032
1534,SPL8001534,34074033
1535,SPL8001535,34074034
1536,SPL8001536,34074035
1537,SPL8001537,34074036
1538,SPL8001538,34074037
1539,SPL8001539,34074038
1540,SPL8001540,34074039
1541,SPL8001541,34074040
1542,SPL8001542,34074041
1543,SPL8001543,34074043
1544,SPL8001544,34074044
1545,SPL8001545,34074045
1546,SPL8001546,34074046
1547,SPL8001547,34074047
1548,SPL8001548,34074048
1549,SPL8001549,34074049
1550,SPL8001550,34074050
1551,SPL8001551,34074051
1552,SPL8001552,34074052
1553,SPL8001553,34074053
1554,SPL8001554,34074054
1555,SPL8001555,34074055
1556,SPL8001556,34074056
1557,SPL8001557,34074057
1558,SPL8001558,34074058
1559,SPL8001559,34074059
1560,SPL8001560,34074060
1561,SPL8001561,34074061
1562,SPL8001562,34074062
1563,SPL8001563,34074063
1564,SPL8001564,34074064
1565,SPL8001565,34074065
1566,SPL8001566,34074066
1567,SPL8001567,34074067
1568,SPL8001568,34074068
1569,SPL8001569,34074069
1570,SPL8001570,34074070
1571,SPL8001571,34074071
1572,SPL8001572,34074072
1573,SPL8001573,34074073
1574,SPL8001574,34074074
1575,SPL8001575,34074075
1576,SPL8001576,34074076
1577,SPL8001577,34074084
1578,SPL8001578,34074085
1579,SPL8001579,34074103
1580,SPL8001580,34074105
1581,SPL8001581,34074137
1582,SPL8001582,34074139
1583,SPL8001583,34074143
1584,SPL8001584,34074144
1585,SPL8001585,34074145
1586,SPL8001586,34074146
1587,SPL8001587,34074147
1588,SPL8001588,34074148
1589,SPL8001589,34074149
1590,SPL8001590,34074150
1591,SPL8001591,34074151
1592,SPL8001592,34074152
1593,SPL8001593,34074153
1594,SPL8001594,34074154
1595,SPL8001595,34074155
1596,SPL8001596,34074214;34075905;34085139
1597,SPL8001597,34074258;34075706
1598,SPL8001598,34074259
1599,SPL8001599,34074260
1600,SPL8001600,34074261
1601,SPL8001601,34074262
1602,SPL8001602,34074263
1603,SPL8001603,34074264
1604,SPL8001604,34074265
1605,SPL8001605,34074266
1606,SPL8001606,34074267
1607,SPL8001607,34074268
1608,SPL8001608,34074269
1609,SPL8001609,34074270
1610,SPL8001610,34074271
1611,SPL8001611,34074272
1612,SPL8001612,34074273
1613,SPL8001613,34074274
1614,SPL8001614,34074275
1615,SPL8001615,34074276
1616,SPL8001616,34074277
1617,SPL8001617,34074278
1618,SPL8001618,34074279
1619,SPL8001619,34074280
1620,SPL8001620,34074281
1621,SPL8001621,34074282
1622,SPL8001622,34074283;34077033
1623,SPL8001623,34074284
1624,SPL8001624,34074285
1625,SPL8001625,34074286
1626,SPL8001626,34074287
1627,SPL8001627,34074288
1628,SPL8001628,34074289
1629,SPL8001629,34074290
1630,SPL8001630,34074291
1631,SPL8001631,34074292
1632,SPL8001632,34074293
1633,SPL8001633,34074294
1634,SPL8001634,34074295
1635,SPL8001635,34074296
1636,SPL8001636,34074297
1637,SPL8001637,34074298
1638,SPL8001638,34074299
1639,SPL8001639,34074300
1640,SPL8001640,34074301
1641,SPL8001641,34074302
1642,SPL8001642,34074303
1643,SPL8001643,34074304
1644,SPL8001644,34074305
1645,SPL8001645,34074306
1646,SPL8001646,34074307
1647,SPL8001647,34074308
1648,SPL8001648,34074309
1649,SPL8001649,34074310
1650,SPL8001650,34074311
1651,SPL8001651,34074312
1652,SPL8001652,34074411
1653,SPL8001653,34074412
1654,SPL8001654,34074413
1655,SPL8001655,34074414
1656,SPL8001656,34074424
1657,SPL8001657,34074455
1658,SPL8001658,34074551
1659,SPL8001659,34074552
1660,SPL8001660,34074664;34080154;34080353;34080391
1661,SPL8001661,34074793;34075460
1662,SPL8001662,34074794;34075464
1663,SPL8001663,34074795;34075465
1664,SPL8001664,34074796;34075466
1665,SPL8001665,34074798;38048277;38063708
1666,SPL8001666,34075003
1667,SPL8001667,34075037;38042726
1668,SPL8001668,34075052
1669,SPL8001669,34075054;38065133;38065148;38066413;38066430
1670,SPL8001670,34075065;38059479
1671,SPL8001671,34075154
1672,SPL8001672,34075162
1673,SPL8001673,34075163
1674,SPL8001674,34075164
1675,SPL8001675,34075171
1676,SPL8001676,34075273
1677,SPL8001677,34075275
1678,SPL8001678,34075276
1679,SPL8001679,34075277
1680,SPL8001680,34075278
1681,SPL8001681,34075306
1682,SPL8001682,34075307
1683,SPL8001683,34075308
1684,SPL8001684,34075309
1685,SPL8001685,34075324;34076841;34076842;38049573
1686,SPL8001686,34075325;34076833;38061147
1687,SPL8001687,34075326;34076835;38061148
1688,SPL8001688,34075368;34077342
1689,SPL8001689,34075393
1690,SPL8001690,34075454
1691,SPL8001691,34075456
1692,SPL8001692,34075457
1693,SPL8001693,34075458;38059886;38061233
1694,SPL8001694,34075459;38059826
1695,SPL8001695,34075470
1696,SPL8001696,34075471
1697,SPL8001697,34075472
1698,SPL8001698,34075473
1699,SPL8001699,34075533;34076837;38061955;38062677
1700,SPL8001700,34075538;38061982
1701,SPL8001701,34075540;34076840;38062496;38062678;38065111
1702,SPL8001702,34075546;38059469;38063046
1703,SPL8001703,34075547;38042327;38063036
1704,SPL8001704,34075548;38042510;38063037
1705,SPL8001705,34075549;38061037;38063038
1706,SPL8001706,34075550;38049542;38063060
1707,SPL8001707,34075551;38049543;38063061
1708,SPL8001708,34075552;38060929
1709,SPL8001709,34075555
1710,SPL8001710,34075556
1711,SPL8001711,34075557
1712,SPL8001712,34075558
1713,SPL8001713,34075559
1714,SPL8001714,34075560
1715,SPL8001715,34075561;34076195
1716,SPL8001716,34075562;34076194
1717,SPL8001717,34075563;34076196
1718,SPL8001718,34075564;34076197
1719,SPL8001719,34075565;34076198
1720,SPL8001720,34075566
1721,SPL8001721,34075567
1722,SPL8001722,34075568
1723,SPL8001723,34075569
1724,SPL8001724,34075570
1725,SPL8001725,34075571
1726,SPL8001726,34075572
1727,SPL8001727,34075573
1728,SPL8001728,34075574
1729,SPL8001729,34075575
1730,SPL8001730,34075576
1731,SPL8001731,34075577
1732,SPL8001732,34075627
1733,SPL8001733,34075629
1734,SPL8001734,34075630
1735,SPL8001735,34075631
1736,SPL8001736,34075632
1737,SPL8001737,34075664
1738,SPL8001738,34075698
1739,SPL8001739,34075700
1740,SPL8001740,34075721;34076170;34079309;38061311
1741,SPL8001741,34075722;34076171;38061312
1742,SPL8001742,34075723
1743,SPL8001743,34075753;34079971
1744,SPL8001744,34075817
1745,SPL8001745,34075825;38059822
1746,SPL8001746,34075848
1747,SPL8001747,34075849;34076025
1748,SPL8001748,34075850;34078091
1749,SPL8001749,34075852
1750,SPL8001750,34075853
1751,SPL8001751,34075854
1752,SPL8001752,34075855
1753,SPL8001753,34075859;34085093;38060981
1754,SPL8001754,34075860;34085094;38060982
1755,SPL8001755,34075861;34085095;38060983
1756,SPL8001756,34075862;34085096;38060984
1757,SPL8001757,34075863;34085097;38060985
1758,SPL8001758,34075864;34085098;38060986
1759,SPL8001759,34075865;34085099;38060987
1760,SPL8001760,34075866;34085100;38060961
1761,SPL8001761,34075867;34085101;38060962
1762,SPL8001762,34075868;34085102;38060963
1763,SPL8001763,34075869;34085103;38060964
1764,SPL8001764,34075870;34085104;38060965
1765,SPL8001765,34075871;34085105;38060966
1766,SPL8001766,34075872;34085106;38060967
1767,SPL8001767,34075873;34085107;38060968
1768,SPL8001768,34075874;34085108;38060969
1769,SPL8001769,34075875;34085109;38060970
1770,SPL8001770,34075876;34085110;38060971
1771,SPL8001771,34075877;34085111;38060972
1772,SPL8001772,34075878;34085112;38060973
1773,SPL8001773,34075879;34085113;38060974
1774,SPL8001774,34075880;34085114;38060975
1775,SPL8001775,34075881;34085115;38060976
1776,SPL8001776,34075882;34085116;38060978
1777,SPL8001777,34075883;34085117;38060979
1778,SPL8001778,34075884;34085118;38060980
1779,SPL8001779,34075885;34085119;38060988
1780,SPL8001780,34075886;34085120;38060989
1781,SPL8001781,34075887;34085121;38060990
1782,SPL8001782,34075888;34085122;38060991
1783,SPL8001783,34075889;34085123;38060992
1784,SPL8001784,34075890;34085124;38060993
1785,SPL8001785,34075891;34085125;38060994
1786,SPL8001786,34075892;34085126;38060995
1787,SPL8001787,34075893;34085127;38060996
1788,SPL8001788,34075894;34085128;38060997
1789,SPL8001789,34075895;34085129;38060998
1790,SPL8001790,34075896;34085130;38060999
1791,SPL8001791,34075897;34085131;38061000
1792,SPL8001792,34075898;34085132;38061001
1793,SPL8001793,34075899;34085133;38061002
1794,SPL8001794,34075900;34085134;38061003
1795,SPL8001795,34075901;34085135;38061004
1796,SPL8001796,34075902;34085136;38061005
1797,SPL8001797,34075903;34085137;38061006
1798,SPL8001798,34075904;34085138;38061007
1799,SPL8001799,34075906;34085140;38061009
1800,SPL8001800,34075907;34085141;38061010
1801,SPL8001801,34075908;34085142;38061011
1802,SPL8001802,34075909;34085143;38061012
1803,SPL8001803,34075910;34085144;38061013
1804,SPL8001804,34075911;34085145;38061014
1805,SPL8001805,34076015
1806,SPL8001806,34076016
1807,SPL8001807,34076020
1808,SPL8001808,34076021
1809,SPL8001809,34076022
1810,SPL8001810,34076023;34076163
1811,SPL8001811,34076024
1812,SPL8001812,34076026
1813,SPL8001813,34076033
1814,SPL8001814,34076034
1815,SPL8001815,34076035
1816,SPL8001816,34076036
1817,SPL8001817,34076037
1818,SPL8001818,34076038
1819,SPL8001819,34076039
1820,SPL8001820,34076040
1821,SPL8001821,34076042
1822,SPL8001822,34076043
1823,SPL8001823,34076044
1824,SPL8001824,34076045
1825,SPL8001825,34076046
1826,SPL8001826,34076047
1827,SPL8001827,34076048
1828,SPL8001828,34076049
1829,SPL8001829,34076050
1830,SPL8001830,34076051
1831,SPL8001831,34076052
1832,SPL8001832,34076053
1833,SPL8001833,34076054
1834,SPL8001834,34076055
1835,SPL8001835,34076056
1836,SPL8001836,34076086;34076839;38062247
1837,SPL8001837,34076088;34079975;34081380
1838,SPL8001838,34076089;34076090;34079976
1839,SPL8001839,34076094;34079997
1840,SPL8001840,34076131;38059555
1841,SPL8001841,34076132;38059556
1842,SPL8001842,34076133;38059557
1843,SPL8001843,34076134;38059459
1844,SPL8001844,34076135;38059559
1845,SPL8001845,34076136;38059560
1846,SPL8001846,34076137;38061974
1847,SPL8001847,34076138;38061977
1848,SPL8001848,34076139;38061978;38064084
1849,SPL8001849,34076140;38061979
1850,SPL8001850,34076141;38059191
1851,SPL8001851,34076142;38059180
1852,SPL8001852,34076143;38059181
1853,SPL8001853,34076144;34080185;34080186;34083108;38067356
1854,SPL8001854,34076161
1855,SPL8001855,34076162
1856,SPL8001856,34076173
1857,SPL8001857,34076174
1858,SPL8001858,34076192
1859,SPL8001859,34076199;38061316
1860,SPL8001860,34076200;34076241;38061199;38062277;38063699;38065519;38067530
1861,SPL8001861,34076221;38059874
1862,SPL8001862,34076223;34076224;34076225;38048508;38049310;38049517;38059196;38061799;38061804;38062000;38063686;38065139;38065155;38066400
1863,SPL8001863,34076226;34076299;38042356;38042847;38044020;38044021;38045778;38047509;38049482;38049485;38060070;38061796
1864,SPL8001864,34076227;38060072;38062645
1865,SPL8001865,34076228;34076229;38049464;38049470;38062265;38063681;38065628
1866,SPL8001866,34076230;34076231;38042357;38046240;38049259;38049465;38049471;38059262;38062266;38063682;38065629
1867,SPL8001867,34076232;34076233;38049466;38049467;38049472;38062325;38063683;38065630
1868,SPL8001868,34076234;34076235;38049218;38049468;38062270;38063689;38065512;38067526
1869,SPL8001869,34076236;34076237;38060069;38062271;38063690;38065513;38067752
1870,SPL8001870,34076238;38037761;38044028;38049079;38049264;38049477;38049487;38062272;38063200;38063692;38065633
1871,SPL8001871,34076239;34076240;38047511;38049080;38049266;38049475;38049478;38049489;38062326;38063694;38065634
1872,SPL8001872,34076242;38062303;38063700;38065520;38067531
1873,SPL8001873,34076243
1874,SPL8001874,34076244
1875,SPL8001875,34076245
1876,SPL8001876,34076247;38062302;38063691;38065514;38067527
1877,SPL8001877,34076248;34076250;34080236;38059489;38059491;38061275;38061281;38062420;38063704;38065144;38066411
1878,SPL8001878,34076251;34076252;34076253;38049525;38049530;38049533;38061276;38061282;38062005;38063701;38065128;38065145;38066406;38066425
1879,SPL8001879,34076254;34076255;34076256;34076980;38049526;38049531;38049534;38061277;38061283;38062061;38065129;38065146;38066407;38066426
1880,SPL8001880,34076257;34076258;34076259;34076968;38049527;38049535;38061278;38061284;38062062;38065130;38065147;38066408;38066427
1881,SPL8001881,34076260;34076261;38049536;38049670;38061279;38062006;38063702;38065131;38066409;38066428
1882,SPL8001882,34076262;38061280;38063703;38066410
1883,SPL8001883,34076264;34076265;38049497;38049500;38060084;38061286
1884,SPL8001884,34076266;38049498;38049501;38060085;38062648
1885,SPL8001885,34076268;38060086;38062649
1886,SPL8001886,34076269;34076270;34076271;38048004;38049342;38049515;38059483;38059485;38061797;38061800;38061802;38062002;38063687;38065137;38065153;38066401;38067104
1887,SPL8001887,34076272;34076273;34077237;38048005;38049309;38049516;38059195;38061798;38061803;38062536;38065138;38065154;38066399
1888,SPL8001888,34076317;34080198;34080396;34080430
1889,SPL8001889,34076318
1890,SPL8001890,34076319
1891,SPL8001891,34076322;34080225
1892,SPL8001892,34076323;34080226
1893,SPL8001893,34076324
1894,SPL8001894,34076325
1895,SPL8001895,34076326
1896,SPL8001896,34076327
1897,SPL8001897,34076329
1898,SPL8001898,34076330
1899,SPL8001899,34076332
1900,SPL8001900,34076333
1901,SPL8001901,34076334
1902,SPL8001902,34076335
1903,SPL8001903,34076336
1904,SPL8001904,34076337
1905,SPL8001905,34076338
1906,SPL8001906,34076339
1907,SPL8001907,34076340
1908,SPL8001908,34076341
1909,SPL8001909,34076342
1910,SPL8001910,34076343
1911,SPL8001911,34076344
1912,SPL8001912,34076345
1913,SPL8001913,34076346
1914,SPL8001914,34076347
1915,SPL8001915,34076348
1916,SPL8001916,34076349
1917,SPL8001917,34076350
1918,SPL8001918,34076351
1919,SPL8001919,34076352
1920,SPL8001920,34076353
1921,SPL8001921,34076354
1922,SPL8001922,34076355
1923,SPL8001923,34076356
1924,SPL8001924,34076357
1925,SPL8001925,34076358
1926,SPL8001926,34076359
1927,SPL8001927,34076360
1928,SPL8001928,34076361;34076362
1929,SPL8001929,34076363
1930,SPL8001930,34076364
1931,SPL8001931,34076365
1932,SPL8001932,34076366
1933,SPL8001933,34076367
1934,SPL8001934,34076368
1935,SPL8001935,34076369
1936,SPL8001936,34076370
1937,SPL8001937,34076371
1938,SPL8001938,34076372
1939,SPL8001939,34076373
1940,SPL8001940,34076374
1941,SPL8001941,34076375
1942,SPL8001942,34076376
1943,SPL8001943,34076377
1944,SPL8001944,34076378
1945,SPL8001945,34076379
1946,SPL8001946,34076380
1947,SPL8001947,34076381
1948,SPL8001948,34076382
1949,SPL8001949,34076383
1950,SPL8001950,34076384
1951,SPL8001951,34076385
1952,SPL8001952,34076386
1953,SPL8001953,34076387
1954,SPL8001954,34076388
1955,SPL8001955,34076389
1956,SPL8001956,34076390
1957,SPL8001957,34076391
1958,SPL8001958,34076392
1959,SPL8001959,34076393
1960,SPL8001960,34076394
1961,SPL8001961,34076395;38049544;38063062
1962,SPL8001962,34076403
1963,SPL8001963,34076404
1964,SPL8001964,34076405;34078100
1965,SPL8001965,34076406
1966,SPL8001966,34076407
1967,SPL8001967,34076408
1968,SPL8001968,34076409
1969,SPL8001969,34076410
1970,SPL8001970,34076411
1971,SPL8001971,34076412
1972,SPL8001972,34076413
1973,SPL8001973,34076414
1974,SPL8001974,34076415
1975,SPL8001975,34076416
1976,SPL8001976,34076417;34079806
1977,SPL8001977,34076418
1978,SPL8001978,34076419
1979,SPL8001979,34076420
1980,SPL8001980,34076421
1981,SPL8001981,34076422
1982,SPL8001982,34076423
1983,SPL8001983,34076424
1984,SPL8001984,34076425
1985,SPL8001985,34076426
1986,SPL8001986,34076427
1987,SPL8001987,34076428
1988,SPL8001988,34076429
1989,SPL8001989,34076430
1990,SPL8001990,34076431;34079805
1991,SPL8001991,34076432
1992,SPL8001992,34076433
1993,SPL8001993,34076434
1994,SPL8001994,34076435
1995,SPL8001995,34076436
1996,SPL8001996,34076437
1997,SPL8001997,34076438
1998,SPL8001998,34076439
1999,SPL8001999,34076440
2000,SPL8002000,34076442
2001,SPL8002001,34076443
2002,SPL8002002,34076444
2003,SPL8002003,34076445
2004,SPL8002004,34076446
2005,SPL8002005,34076447
2006,SPL8002006,34076448
2007,SPL8002007,34076449
2008,SPL8002008,34076450
2009,SPL8002009,34076451
2010,SPL8002010,34076452
2011,SPL8002011,34076453
2012,SPL8002012,34076454
2013,SPL8002013,34076455
2014,SPL8002014,34076456
2015,SPL8002015,34076457
2016,SPL8002016,34076458
2017,SPL8002017,34076459
2018,SPL8002018,34076460
2019,SPL8002019,34076461
2020,SPL8002020,34076462
2021,SPL8002021,34076463
2022,SPL8002022,34076464
2023,SPL8002023,34076466
2024,SPL8002024,34076467
2025,SPL8002025,34076468
2026,SPL8002026,34076469
2027,SPL8002027,34076470
2028,SPL8002028,34076471
2029,SPL8002029,34076472
2030,SPL8002030,34076473
2031,SPL8002031,34076474
2032,SPL8002032,34076475
2033,SPL8002033,34076476
2034,SPL8002034,34076477
2035,SPL8002035,34076478
2036,SPL8002036,34076479
2037,SPL8002037,34076480
2038,SPL8002038,34076481
2039,SPL8002039,34076482
2040,SPL8002040,34076483
2041,SPL8002041,34076484
2042,SPL8002042,34076485
2043,SPL8002043,34076486
2044,SPL8002044,34076487
2045,SPL8002045,34076488
2046,SPL8002046,34076489
2047,SPL8002047,34076490
2048,SPL8002048,34076491
2049,SPL8002049,34076492
2050,SPL8002050,34076493
2051,SPL8002051,34076494
2052,SPL8002052,34076495
2053,SPL8002053,34076496
2054,SPL8002054,34076497
2055,SPL8002055,34076498
2056,SPL8002056,34076499
2057,SPL8002057,34076502
2058,SPL8002058,34076503
2059,SPL8002059,34076504
2060,SPL8002060,34076505
2061,SPL8002061,34076506
2062,SPL8002062,34076507
2063,SPL8002063,34076508
2064,SPL8002064,34076509
2065,SPL8002065,34076510
2066,SPL8002066,34076511
2067,SPL8002067,34076512
2068,SPL8002068,34076513
2069,SPL8002069,34076514
2070,SPL8002070,34076515
2071,SPL8002071,34076516
2072,SPL8002072,34076517
2073,SPL8002073,34076518
2074,SPL8002074,34076519
2075,SPL8002075,34076520
2076,SPL8002076,34076521
2077,SPL8002077,34076522
2078,SPL8002078,34076523
2079,SPL8002079,34076524
2080,SPL8002080,34076525
2081,SPL8002081,34076526
2082,SPL8002082,34076527
2083,SPL8002083,34076528
2084,SPL8002084,34076529
2085,SPL8002085,34076530
2086,SPL8002086,34076531
2087,SPL8002087,34076532
2088,SPL8002088,34076533
2089,SPL8002089,34076534
2090,SPL8002090,34076535
2091,SPL8002091,34076536
2092,SPL8002092,34076537
2093,SPL8002093,34076538
2094,SPL8002094,34076539
2095,SPL8002095,34076545
2096,SPL8002096,34076547
2097,SPL8002097,34076549
2098,SPL8002098,34076550
2099,SPL8002099,34076558
2100,SPL8002100,34076559
2101,SPL8002101,34076560
2102,SPL8002102,34076561
2103,SPL8002103,34076562
2104,SPL8002104,34076563
2105,SPL8002105,34076564
2106,SPL8002106,34076565
2107,SPL8002107,34076566
2108,SPL8002108,34076567
2109,SPL8002109,34076568
2110,SPL8002110,34076569;34079692;34082899
2111,SPL8002111,34076570
2112,SPL8002112,34076571
2113,SPL8002113,34076572
2114,SPL8002114,34076573
2115,SPL8002115,34076574
2116,SPL8002116,34076575
2117,SPL8002117,34076576
2118,SPL8002118,34076577
2119,SPL8002119,34076578
2120,SPL8002120,34076579
2121,SPL8002121,34076580
2122,SPL8002122,34076581
2123,SPL8002123,34076582
2124,SPL8002124,34076583
2125,SPL8002125,34076584
2126,SPL8002126,34076585
2127,SPL8002127,34076586
2128,SPL8002128,34076587
2129,SPL8002129,34076588
2130,SPL8002130,34076589
2131,SPL8002131,34076590
2132,SPL8002132,34076591
2133,SPL8002133,34076592
2134,SPL8002134,34076593
2135,SPL8002135,34076594
2136,SPL8002136,34076595
2137,SPL8002137,34076596
2138,SPL8002138,34076597
2139,SPL8002139,34076598
2140,SPL8002140,34076599
2141,SPL8002141,34076600
2142,SPL8002142,34076601
2143,SPL8002143,34076602
2144,SPL8002144,34076603
2145,SPL8002145,34076604
2146,SPL8002146,34076605
2147,SPL8002147,34076606
2148,SPL8002148,34076607
2149,SPL8002149,34076608
2150,SPL8002150,34076609
2151,SPL8002151,34076610
2152,SPL8002152,34076611
2153,SPL8002153,34076612
2154,SPL8002154,34076613
2155,SPL8002155,34076614
2156,SPL8002156,34076615
2157,SPL8002157,34076616
2158,SPL8002158,34076617
2159,SPL8002159,34076618
2160,SPL8002160,34076619
2161,SPL8002161,34076620
2162,SPL8002162,34076621
2163,SPL8002163,34076622
2164,SPL8002164,34076623
2165,SPL8002165,34076624
2166,SPL8002166,34076625
2167,SPL8002167,34076626
2168,SPL8002168,34076627
2169,SPL8002169,34076628
2170,SPL8002170,34076629
2171,SPL8002171,34076630
2172,SPL8002172,34076631
2173,SPL8002173,34076632
2174,SPL8002174,34076633
2175,SPL8002175,34076634
2176,SPL8002176,34076635
2177,SPL8002177,34076636
2178,SPL8002178,34076637
2179,SPL8002179,34076638
2180,SPL8002180,34076639
2181,SPL8002181,34076640
2182,SPL8002182,34076641
2183,SPL8002183,34076642
2184,SPL8002184,34076643
2185,SPL8002185,34076644;34079688
2186,SPL8002186,34076645;34079687
2187,SPL8002187,34076646
2188,SPL8002188,34076647
2189,SPL8002189,34076648
2190,SPL8002190,34076649
2191,SPL8002191,34076650
2192,SPL8002192,34076651
2193,SPL8002193,34076652
2194,SPL8002194,34076653
2195,SPL8002195,34076654
2196,SPL8002196,34076655
2197,SPL8002197,34076656
2198,SPL8002198,34076657
2199,SPL8002199,34076658
2200,SPL8002200,34076659
2201,SPL8002201,34076660
2202,SPL8002202,34076661
2203,SPL8002203,34076662
2204,SPL8002204,34076663
2205,SPL8002205,34076664
2206,SPL8002206,34076665
2207,SPL8002207,34076666
2208,SPL8002208,34076667
2209,SPL8002209,34076668
2210,SPL8002210,34076669
2211,SPL8002211,34076670
2212,SPL8002212,34076671
2213,SPL8002213,34076672
2214,SPL8002214,34076673
2215,SPL8002215,34076674
2216,SPL8002216,34076675
2217,SPL8002217,34076676
2218,SPL8002218,34076677
2219,SPL8002219,34076678
2220,SPL8002220,34076679
2221,SPL8002221,34076680
2222,SPL8002222,34076681
2223,SPL8002223,34076682
2224,SPL8002224,34076683
2225,SPL8002225,34076684
2226,SPL8002226,34076685
2227,SPL8002227,34076686
2228,SPL8002228,34076687
2229,SPL8002229,34076688
2230,SPL8002230,34076689
2231,SPL8002231,34076690;34076691
2232,SPL8002232,34076709
2233,SPL8002233,34076711
2234,SPL8002234,34076713
2235,SPL8002235,34076714
2236,SPL8002236,34076715;34080438;38059488;38059490;38062007;38067276
2237,SPL8002237,34076716;38060447
2238,SPL8002238,34076717;38060448
2239,SPL8002239,34076718;38060449
2240,SPL8002240,34076719;38060446;38063518;38066762
2241,SPL8002241,34076720;38060459;38063520;38066767
2242,SPL8002242,34076721;38060460
2243,SPL8002243,34076722;38060128
2244,SPL8002244,34076723;38060130
2245,SPL8002245,34076724;38060132;38063529;38063549;38066755
2246,SPL8002246,34076725;38060127;38063524;38066737
2247,SPL8002247,34076726;38060129;38063526;38066742
2248,SPL8002248,34076727;38060131
2249,SPL8002249,34076728;38060451
2250,SPL8002250,34076729;34076731;38060444;38060504;38061759;38061760;38063530;38063568;38064392;38064393;38066727;38066728
2251,SPL8002251,34076730;38060445;38061761;38063531;38064394
2252,SPL8002252,34076732
2253,SPL8002253,34076733
2254,SPL8002254,34076734
2255,SPL8002255,34076735
2256,SPL8002256,34076736;34081377
2257,SPL8002257,34076737
2258,SPL8002258,34076738
2259,SPL8002259,34076740;34080623
2260,SPL8002260,34076741
2261,SPL8002261,34076742
2262,SPL8002262,34076743;34088273
2263,SPL8002263,34076744
2264,SPL8002264,34076745
2265,SPL8002265,34076746
2266,SPL8002266,34076747
2267,SPL8002267,34076748
2268,SPL8002268,34076749
2269,SPL8002269,34076750
2270,SPL8002270,34076751
2271,SPL8002271,34076752
2272,SPL8002272,34076753
2273,SPL8002273,34076754
2274,SPL8002274,34076755
2275,SPL8002275,34076756
2276,SPL8002276,34076757
2277,SPL8002277,34076758
2278,SPL8002278,34076759
2279,SPL8002279,34076760
2280,SPL8002280,34076761;34080029
2281,SPL8002281,34076762;34080015
2282,SPL8002282,34076763;34080016
2283,SPL8002283,34076764;34080017
2284,SPL8002284,34076765;34080018
2285,SPL8002285,34076766;34080019
2286,SPL8002286,34076767;34080020
2287,SPL8002287,34076768;34080021
2288,SPL8002288,34076769;34080022
2289,SPL8002289,34076770;34080023
2290,SPL8002290,34076771;34080024
2291,SPL8002291,34076772;34080025
2292,SPL8002292,34076773;34080026
2293,SPL8002293,34076774;34080027
2294,SPL8002294,34076775;34080028
2295,SPL8002295,34076776
2296,SPL8002296,34076777
2297,SPL8002297,34076778
2298,SPL8002298,34076779
2299,SPL8002299,34076780
2300,SPL8002300,34076781
2301,SPL8002301,34076782
2302,SPL8002302,34076783
2303,SPL8002303,34076784
2304,SPL8002304,34076785
2305,SPL8002305,34076788
2306,SPL8002306,34076789
2307,SPL8002307,34076790;34076906
2308,SPL8002308,34076791
2309,SPL8002309,34076792
2310,SPL8002310,34076793
2311,SPL8002311,34076794
2312,SPL8002312,34076795
2313,SPL8002313,34076796
2314,SPL8002314,34076797;34078043
2315,SPL8002315,34076801
2316,SPL8002316,34076802
2317,SPL8002317,34076803
2318,SPL8002318,34076804
2319,SPL8002319,34076813;38060090
2320,SPL8002320,34076825
2321,SPL8002321,34076832;38059200;38059916
2322,SPL8002322,34076834;34078311;34079804
2323,SPL8002323,34076836;38061914
2324,SPL8002324,34076838;38061957;38062588;38062679
2325,SPL8002325,34076843;38061746
2326,SPL8002326,34076844;38061747
2327,SPL8002327,34076848;34078824;38018449;38045509
2328,SPL8002328,34076849;38061033
2329,SPL8002329,34076855;38061335
2330,SPL8002330,34076859;34079625
2331,SPL8002331,34076861;38061817;38064106;38064121;38066733
2332,SPL8002332,34076862;38065132;38066429
2333,SPL8002333,34076863;38065156;38066420
2334,SPL8002334,34076864
2335,SPL8002335,34076865
2336,SPL8002336,34076866
2337,SPL8002337,34076869
2338,SPL8002338,34076893;38058910;38062589
2339,SPL8002339,34076895;38060089;38062413;38063418;38063688;38065510
2340,SPL8002340,34076897
2341,SPL8002341,34076898
2342,SPL8002342,34076899;38061922
2343,SPL8002343,34076900
2344,SPL8002344,34076901
2345,SPL8002345,34076902
2346,SPL8002346,34076903
2347,SPL8002347,34076904
2348,SPL8002348,34076905
2349,SPL8002349,34076921;38061748
2350,SPL8002350,34076922;38024459;38036947
2351,SPL8002351,34076923;38048525
2352,SPL8002352,34076924;38020259;38047971
2353,SPL8002353,34076925;38059427
2354,SPL8002354,34076926;38049460;38059947
2355,SPL8002355,34076927;38059364
2356,SPL8002356,34076928
2357,SPL8002357,34076929;38024659;38060197
2358,SPL8002358,34076930;38024660
2359,SPL8002359,34076938;34080362;38062815
2360,SPL8002360,34076945;38061910
2361,SPL8002361,34076975
2362,SPL8002362,34076976
2363,SPL8002363,34076977
2364,SPL8002364,34076978
2365,SPL8002365,34077000;38061946;38062653;38062861;38063364
2366,SPL8002366,34077001
2367,SPL8002367,34077002
2368,SPL8002368,34077003
2369,SPL8002369,34077004
2370,SPL8002370,34077005
2371,SPL8002371,34077006;34077780
2372,SPL8002372,34077007
2373,SPL8002373,34077008
2374,SPL8002374,34077011
2375,SPL8002375,34077024
2376,SPL8002376,34077025;38058821
2377,SPL8002377,34077034;38063629
2378,SPL8002378,34077038;34080157;34083057
2379,SPL8002379,34077039
2380,SPL8002380,34077040;34080392
2381,SPL8002381,34077041;34078368;38060478
2382,SPL8002382,34077042
2383,SPL8002383,34077063
2384,SPL8002384,34077064
2385,SPL8002385,34077065;38063327
2386,SPL8002386,34077066;38063328
2387,SPL8002387,34077067;38063341
2388,SPL8002388,34077068
2389,SPL8002389,34077069
2390,SPL8002390,34077080;38048461
2391,SPL8002391,34077120
2392,SPL8002392,34077126
2393,SPL8002393,34077140
2394,SPL8002394,34077141
2395,SPL8002395,34077142
2396,SPL8002396,34077143
2397,SPL8002397,34077144
2398,SPL8002398,34077145
2399,SPL8002399,34077146
2400,SPL8002400,34077147
2401,SPL8002401,34077148
2402,SPL8002402,34077149
2403,SPL8002403,34077150
2404,SPL8002404,34077151
2405,SPL8002405,34077152
2406,SPL8002406,34077153
2407,SPL8002407,34077154
2408,SPL8002408,34077155
2409,SPL8002409,34077156
2410,SPL8002410,34077157;34079998
2411,SPL8002411,34077158
2412,SPL8002412,34077159
2413,SPL8002413,34077160
2414,SPL8002414,34077161
2415,SPL8002415,34077162
2416,SPL8002416,34077163
2417,SPL8002417,34077164
2418,SPL8002418,34077165
2419,SPL8002419,34077166
2420,SPL8002420,34077167
2421,SPL8002421,34077168
2422,SPL8002422,34077169
2423,SPL8002423,34077170
2424,SPL8002424,34077171
2425,SPL8002425,34077172
2426,SPL8002426,34077173
2427,SPL8002427,34077174
2428,SPL8002428,34077175
2429,SPL8002429,34077176
2430,SPL8002430,34077177
2431,SPL8002431,34077178
2432,SPL8002432,34077179
2433,SPL8002433,34077180
2434,SPL8002434,34077181
2435,SPL8002435,34077182;34079999
2436,SPL8002436,34077183;34080000
2437,SPL8002437,34077184;34080001
2438,SPL8002438,34077185;34080002
2439,SPL8002439,34077186;34080003
2440,SPL8002440,34077187;34080004
2441,SPL8002441,34077188;34080005
2442,SPL8002442,34077189
2443,SPL8002443,34077190
2444,SPL8002444,34077191
2445,SPL8002445,34077192
2446,SPL8002446,34077193;38066158
2447,SPL8002447,34077195;38066188
2448,SPL8002448,34077196;38065316
2449,SPL8002449,34077219
2450,SPL8002450,34077220
2451,SPL8002451,34077221
2452,SPL8002452,34077238;34078623
2453,SPL8002453,34077240
2454,SPL8002454,34077242
2455,SPL8002455,34077243;38059552
2456,SPL8002456,34077281
2457,SPL8002457,34077289;38060150
2458,SPL8002458,34077312
2459,SPL8002459,34077313
2460,SPL8002460,34077327;34085712
2461,SPL8002461,34077330;34079970;34079972;34080833;34080834;34086074;34086595;34086596
2462,SPL8002462,34077335
2463,SPL8002463,34077336
2464,SPL8002464,34077337;34077344;34080725
2465,SPL8002465,34077338
2466,SPL8002466,34077339;34080397;34080431;34081379
2467,SPL8002467,34077340;34081378
2468,SPL8002468,34077341;34077664
2469,SPL8002469,34077349
2470,SPL8002470,34077350
2471,SPL8002471,34077351
2472,SPL8002472,34077353
2473,SPL8002473,34077354
2474,SPL8002474,34077355
2475,SPL8002475,34077356
2476,SPL8002476,34077357
2477,SPL8002477,34077358
2478,SPL8002478,34077359
2479,SPL8002479,34077360
2480,SPL8002480,34077361
2481,SPL8002481,34077362
2482,SPL8002482,34077364
2483,SPL8002483,34077365
2484,SPL8002484,34077366
2485,SPL8002485,34077367
2486,SPL8002486,34077368
2487,SPL8002487,34077369
2488,SPL8002488,34077370
2489,SPL8002489,34077371
2490,SPL8002490,34077372;34083512
2491,SPL8002491,34077373;34083513
2492,SPL8002492,34077374;34083514
2493,SPL8002493,34077375
2494,SPL8002494,34077376
2495,SPL8002495,34077377
2496,SPL8002496,34077378
2497,SPL8002497,34077379
2498,SPL8002498,34077380
2499,SPL8002499,34077381
2500,SPL8002500,34077382
2501,SPL8002501,34077383
2502,SPL8002502,34077384
2503,SPL8002503,34077385
2504,SPL8002504,34077386
2505,SPL8002505,34077387
2506,SPL8002506,34077388
2507,SPL8002507,34077389
2508,SPL8002508,34077390
2509,SPL8002509,34077391
2510,SPL8002510,34077392
2511,SPL8002511,34077393
2512,SPL8002512,34077394
2513,SPL8002513,34077395
2514,SPL8002514,34077396
2515,SPL8002515,34077397
2516,SPL8002516,34077398
2517,SPL8002517,34077399
2518,SPL8002518,34077400
2519,SPL8002519,34077401
2520,SPL8002520,34077402
2521,SPL8002521,34077403
2522,SPL8002522,34077404
2523,SPL8002523,34077405
2524,SPL8002524,34077406
2525,SPL8002525,34077407
2526,SPL8002526,34077408
2527,SPL8002527,34077409
2528,SPL8002528,34077410;34079795
2529,SPL8002529,34077411
2530,SPL8002530,34077478;38060093
2531,SPL8002531,34077535
2532,SPL8002532,34077557
2533,SPL8002533,34077558;34077784;38048510;38049312;38049522
2534,SPL8002534,34077565
2535,SPL8002535,34077566
2536,SPL8002536,34077567
2537,SPL8002537,34077568
2538,SPL8002538,34077569
2539,SPL8002539,34077570
2540,SPL8002540,34077571;34084681
2541,SPL8002541,34077572;34080065;34081292;34085298
2542,SPL8002542,34077573
2543,SPL8002543,34077574
2544,SPL8002544,34077575
2545,SPL8002545,34077577;38046355
2546,SPL8002546,34077578
2547,SPL8002547,34077579
2548,SPL8002548,34077580
2549,SPL8002549,34077581
2550,SPL8002550,34077582
2551,SPL8002551,34077583
2552,SPL8002552,34077584
2553,SPL8002553,34077585
2554,SPL8002554,34077586;34080068
2555,SPL8002555,34077587
2556,SPL8002556,34077588
2557,SPL8002557,34077589
2558,SPL8002558,34077590
2559,SPL8002559,34077591
2560,SPL8002560,34077592
2561,SPL8002561,34077593
2562,SPL8002562,34077594
2563,SPL8002563,34077595
2564,SPL8002564,34077596
2565,SPL8002565,34077597
2566,SPL8002566,34077598;34077599;34081435
2567,SPL8002567,34077600;34081436
2568,SPL8002568,34077601;34081421
2569,SPL8002569,34077602
2570,SPL8002570,34077603;34080381
2571,SPL8002571,34077604;34080385
2572,SPL8002572,34077605
2573,SPL8002573,34077606
2574,SPL8002574,34077607;34080388;38039339
2575,SPL8002575,34077608
2576,SPL8002576,34077609
2577,SPL8002577,34077610
2578,SPL8002578,34077611
2579,SPL8002579,34077612
2580,SPL8002580,34077613
2581,SPL8002581,34077614
2582,SPL8002582,34077615
2583,SPL8002583,34077616;34085316
2584,SPL8002584,34077617
2585,SPL8002585,34077618;34080844
2586,SPL8002586,34077619
2587,SPL8002587,34077620;34078853
2588,SPL8002588,34077624
2589,SPL8002589,34077625;38062483
2590,SPL8002590,34077626
2591,SPL8002591,34077627;38062485
2592,SPL8002592,34077628
2593,SPL8002593,34077629
2594,SPL8002594,34077630
2595,SPL8002595,34077632
2596,SPL8002596,34077651
2597,SPL8002597,34077652;38061054
2598,SPL8002598,34077653
2599,SPL8002599,34077654
2600,SPL8002600,34077655
2601,SPL8002601,34077656;34080066;34080356;34084490
2602,SPL8002602,34077657;34080067;34081293;38066186
2603,SPL8002603,34077658;34080359;34083058
2604,SPL8002604,34077659
2605,SPL8002605,34077663;38043981
2606,SPL8002606,34077665
2607,SPL8002607,34077782;38041835
2608,SPL8002608,34077783
2609,SPL8002609,34077804;34081425
2610,SPL8002610,34077805
2611,SPL8002611,34077806
2612,SPL8002612,34077807
2613,SPL8002613,34077808
2614,SPL8002614,34077809
2615,SPL8002615,34077810
2616,SPL8002616,34077811;34080845
2617,SPL8002617,34077812
2618,SPL8002618,34077813
2619,SPL8002619,34077814
2620,SPL8002620,34077815
2621,SPL8002621,34077816
2622,SPL8002622,34077817
2623,SPL8002623,34077818
2624,SPL8002624,34077819
2625,SPL8002625,34077820
2626,SPL8002626,34077821
2627,SPL8002627,34077822
2628,SPL8002628,34077823
2629,SPL8002629,34077825
2630,SPL8002630,34077826
2631,SPL8002631,34077829
2632,SPL8002632,34077830
2633,SPL8002633,34077831
2634,SPL8002634,34077832;38066174
2635,SPL8002635,34077833;34080357
2636,SPL8002636,34077834;34081424
2637,SPL8002637,34077839
2638,SPL8002638,34077840
2639,SPL8002639,34077841
2640,SPL8002640,34077842
2641,SPL8002641,34077843;34080742;34082792
2642,SPL8002642,34077844;34081301
2643,SPL8002643,34077845;34081304
2644,SPL8002644,34078042
2645,SPL8002645,34078069
2646,SPL8002646,34078070
2647,SPL8002647,34078071
2648,SPL8002648,34078072
2649,SPL8002649,34078073
2650,SPL8002650,34078074
2651,SPL8002651,34078075
2652,SPL8002652,34078076
2653,SPL8002653,34078077
2654,SPL8002654,34078078
2655,SPL8002655,34078079
2656,SPL8002656,34078080
2657,SPL8002657,34078081
2658,SPL8002658,34078083
2659,SPL8002659,34078084
2660,SPL8002660,34078085;34078559;34079969;34081238
2661,SPL8002661,34078086;34078087;34084858
2662,SPL8002662,34078088
2663,SPL8002663,34078089;34078105;34078109
2664,SPL8002664,34078090
2665,SPL8002665,34078092
2666,SPL8002666,34078093
2667,SPL8002667,34078094
2668,SPL8002668,34078095;34086526
2669,SPL8002669,34078096;34079251
2670,SPL8002670,34078097;34087607
2671,SPL8002671,34078098;34087608
2672,SPL8002672,34078099;34087609
2673,SPL8002673,34078101
2674,SPL8002674,34078102
2675,SPL8002675,34078103
2676,SPL8002676,34078104
2677,SPL8002677,34078106
2678,SPL8002678,34078107
2679,SPL8002679,34078108
2680,SPL8002680,34078110
2681,SPL8002681,34078111;34078898;34080252;34080782
2682,SPL8002682,34078112
2683,SPL8002683,34078113
2684,SPL8002684,34078114
2685,SPL8002685,34078115
2686,SPL8002686,34078116
2687,SPL8002687,34078117
2688,SPL8002688,34078141
2689,SPL8002689,34078144;38037704
2690,SPL8002690,34078229
2691,SPL8002691,34078230
2692,SPL8002692,34078231
2693,SPL8002693,34078232
2694,SPL8002694,34078233
2695,SPL8002695,34078234
2696,SPL8002696,34078235
2697,SPL8002697,34078236;34078237
2698,SPL8002698,34078238
2699,SPL8002699,34078239
2700,SPL8002700,34078240
2701,SPL8002701,34078241
2702,SPL8002702,34078242
2703,SPL8002703,34078243
2704,SPL8002704,34078244
2705,SPL8002705,34078245
2706,SPL8002706,34078246
2707,SPL8002707,34078247
2708,SPL8002708,34078248
2709,SPL8002709,34078249
2710,SPL8002710,34078250
2711,SPL8002711,34078306
2712,SPL8002712,34078307
2713,SPL8002713,34078308
2714,SPL8002714,34078309
2715,SPL8002715,34078310;34079802;34080228;34081648
2716,SPL8002716,34078313
2717,SPL8002717,34078314
2718,SPL8002718,34078339
2719,SPL8002719,34078340
2720,SPL8002720,34078341
2721,SPL8002721,34078342
2722,SPL8002722,34078343
2723,SPL8002723,34078344
2724,SPL8002724,34078345;34080064
2725,SPL8002725,34078346
2726,SPL8002726,34078347
2727,SPL8002727,34078348
2728,SPL8002728,34078349
2729,SPL8002729,34078350
2730,SPL8002730,34078351
2731,SPL8002731,34078352
2732,SPL8002732,34078353
2733,SPL8002733,34078355;34078356
2734,SPL8002734,34078357
2735,SPL8002735,34078358
2736,SPL8002736,34078359
2737,SPL8002737,34078360
2738,SPL8002738,34078363;34080310;34080750
2739,SPL8002739,34078364
2740,SPL8002740,34078365;34080737;34080751;38049039;38049364
2741,SPL8002741,34078366
2742,SPL8002742,34078367;38060477
2743,SPL8002743,34078369
2744,SPL8002744,34078370
2745,SPL8002745,34078371
2746,SPL8002746,34078372
2747,SPL8002747,34078373
2748,SPL8002748,34078374
2749,SPL8002749,34078375
2750,SPL8002750,34078376
2751,SPL8002751,34078377
2752,SPL8002752,34078378
2753,SPL8002753,34078379
2754,SPL8002754,34078380
2755,SPL8002755,34078381
2756,SPL8002756,34078382
2757,SPL8002757,34078383
2758,SPL8002758,34078384
2759,SPL8002759,34078385
2760,SPL8002760,34078386
2761,SPL8002761,34078387
2762,SPL8002762,34078388
2763,SPL8002763,34078389
2764,SPL8002764,34078390;34080227;34081647;34082116;34082358;34082361;34082778;34083563;34084180
2765,SPL8002765,34078391;34086602
2766,SPL8002766,34078392
2767,SPL8002767,34078393
2768,SPL8002768,34078394
2769,SPL8002769,34078395
2770,SPL8002770,34078396
2771,SPL8002771,34078397
2772,SPL8002772,34078398
2773,SPL8002773,34078399
2774,SPL8002774,34078400
2775,SPL8002775,34078401
2776,SPL8002776,34078402;34086592
2777,SPL8002777,34078403
2778,SPL8002778,34078404
2779,SPL8002779,34078405
2780,SPL8002780,34078406
2781,SPL8002781,34078407
2782,SPL8002782,34078408
2783,SPL8002783,34078409
2784,SPL8002784,34078410
2785,SPL8002785,34078411
2786,SPL8002786,34078412;34080032;34080071
2787,SPL8002787,34078413
2788,SPL8002788,34078414
2789,SPL8002789,34078415
2790,SPL8002790,34078416
2791,SPL8002791,34078417
2792,SPL8002792,34078418
2793,SPL8002793,34078419
2794,SPL8002794,34078420
2795,SPL8002795,34078421
2796,SPL8002796,34078422
2797,SPL8002797,34078423
2798,SPL8002798,34078424
2799,SPL8002799,34078425
2800,SPL8002800,34078427
2801,SPL8002801,34078428
2802,SPL8002802,34078429
2803,SPL8002803,34078430
2804,SPL8002804,34078431
2805,SPL8002805,34078432
2806,SPL8002806,34078433
2807,SPL8002807,34078434
2808,SPL8002808,34078435
2809,SPL8002809,34078436
2810,SPL8002810,34078437
2811,SPL8002811,34078438
2812,SPL8002812,34078439
2813,SPL8002813,34078440
2814,SPL8002814,34078441
2815,SPL8002815,34078442
2816,SPL8002816,34078443
2817,SPL8002817,34078444
2818,SPL8002818,34078445
2819,SPL8002819,34078446
2820,SPL8002820,34078447
2821,SPL8002821,34078448
2822,SPL8002822,34078449
2823,SPL8002823,34078450
2824,SPL8002824,34078451
2825,SPL8002825,34078452
2826,SPL8002826,34078453
2827,SPL8002827,34078454
2828,SPL8002828,34078455
2829,SPL8002829,34078456
2830,SPL8002830,34078457
2831,SPL8002831,34078458
2832,SPL8002832,34078459
2833,SPL8002833,34078460
2834,SPL8002834,34078461
2835,SPL8002835,34078462
2836,SPL8002836,34078463
2837,SPL8002837,34078464
2838,SPL8002838,34078465
2839,SPL8002839,34078466
2840,SPL8002840,34078467
2841,SPL8002841,34078468
2842,SPL8002842,34078469
2843,SPL8002843,34078471
2844,SPL8002844,34078472
2845,SPL8002845,34078474
2846,SPL8002846,34078475
2847,SPL8002847,34078476
2848,SPL8002848,34078477
2849,SPL8002849,34078478
2850,SPL8002850,34078479
2851,SPL8002851,34078480
2852,SPL8002852,34078481
2853,SPL8002853,34078482
2854,SPL8002854,34078483
2855,SPL8002855,34078484
2856,SPL8002856,34078485
2857,SPL8002857,34078486
2858,SPL8002858,34078487
2859,SPL8002859,34078488
2860,SPL8002860,34078489
2861,SPL8002861,34078490
2862,SPL8002862,34078491
2863,SPL8002863,34078492
2864,SPL8002864,34078493
2865,SPL8002865,34078494
2866,SPL8002866,34078495
2867,SPL8002867,34078496
2868,SPL8002868,34078497
2869,SPL8002869,34078498
2870,SPL8002870,34078499
2871,SPL8002871,34078501
2872,SPL8002872,34078502
2873,SPL8002873,34078503
2874,SPL8002874,34078504
2875,SPL8002875,34078505
2876,SPL8002876,34078506
2877,SPL8002877,34078507
2878,SPL8002878,34078508
2879,SPL8002879,34078509
2880,SPL8002880,34078510
2881,SPL8002881,34078511
2882,SPL8002882,34078512
2883,SPL8002883,34078513
2884,SPL8002884,34078514
2885,SPL8002885,34078515
2886,SPL8002886,34078516
2887,SPL8002887,34078517
2888,SPL8002888,34078518
2889,SPL8002889,34078519
2890,SPL8002890,34078520
2891,SPL8002891,34078521
2892,SPL8002892,34078522
2893,SPL8002893,34078523
2894,SPL8002894,34078524
2895,SPL8002895,34078525
2896,SPL8002896,34078526
2897,SPL8002897,34078527
2898,SPL8002898,34078528
2899,SPL8002899,34078529
2900,SPL8002900,34078530
2901,SPL8002901,34078531
2902,SPL8002902,34078532
2903,SPL8002903,34078533
2904,SPL8002904,34078534
2905,SPL8002905,34078535
2906,SPL8002906,34078536
2907,SPL8002907,34078537
2908,SPL8002908,34078538
2909,SPL8002909,34078539
2910,SPL8002910,34078541
2911,SPL8002911,34078542
2912,SPL8002912,34078543
2913,SPL8002913,34078544
2914,SPL8002914,34078545
2915,SPL8002915,34078546
2916,SPL8002916,34078547
2917,SPL8002917,34078548
2918,SPL8002918,34078549
2919,SPL8002919,34078557
2920,SPL8002920,34078558
2921,SPL8002921,34078560
2922,SPL8002922,34078561
2923,SPL8002923,34078562
2924,SPL8002924,34078563
2925,SPL8002925,34078564
2926,SPL8002926,34078565
2927,SPL8002927,34078566
2928,SPL8002928,34078567
2929,SPL8002929,34078568
2930,SPL8002930,34078569
2931,SPL8002931,34078570
2932,SPL8002932,34078571
2933,SPL8002933,34078572
2934,SPL8002934,34078573
2935,SPL8002935,34078574
2936,SPL8002936,34078575
2937,SPL8002937,34078576
2938,SPL8002938,34078577
2939,SPL8002939,34078578
2940,SPL8002940,34078579
2941,SPL8002941,34078580
2942,SPL8002942,34078581
2943,SPL8002943,34078582
2944,SPL8002944,34078587
2945,SPL8002945,34078590
2946,SPL8002946,34078591
2947,SPL8002947,34078592
2948,SPL8002948,34078619
2949,SPL8002949,34078620
2950,SPL8002950,34078624
2951,SPL8002951,34078625
2952,SPL8002952,34078626
2953,SPL8002953,34078627
2954,SPL8002954,34078628
2955,SPL8002955,34078629
2956,SPL8002956,34078630
2957,SPL8002957,34078631
2958,SPL8002958,34078632
2959,SPL8002959,34078633
2960,SPL8002960,34078634
2961,SPL8002961,34078635
2962,SPL8002962,34078636
2963,SPL8002963,34078637;34079796
2964,SPL8002964,34078638;34079797
2965,SPL8002965,34078639;34079798
2966,SPL8002966,34078640;34079799
2967,SPL8002967,34078641;34079800
2968,SPL8002968,34078642;34079801
2969,SPL8002969,34078643
2970,SPL8002970,34078644
2971,SPL8002971,34078646
2972,SPL8002972,34078647;34078649
2973,SPL8002973,34078648;34078650
2974,SPL8002974,34078654
2975,SPL8002975,34078655
2976,SPL8002976,34078656
2977,SPL8002977,34078657
2978,SPL8002978,34078658
2979,SPL8002979,34078659
2980,SPL8002980,34078660
2981,SPL8002981,34078661
2982,SPL8002982,34078662
2983,SPL8002983,34078663
2984,SPL8002984,34078664
2985,SPL8002985,34078665
2986,SPL8002986,34078666
2987,SPL8002987,34078667
2988,SPL8002988,34078668
2989,SPL8002989,34078669
2990,SPL8002990,34078670
2991,SPL8002991,34078671
2992,SPL8002992,34078672
2993,SPL8002993,34078673
2994,SPL8002994,34078674
2995,SPL8002995,34078675
2996,SPL8002996,34078676
2997,SPL8002997,34078677
2998,SPL8002998,34078678
2999,SPL8002999,34078679
3000,SPL8003000,34078680
3001,SPL8003001,34078681
3002,SPL8003002,34078682
3003,SPL8003003,34078683
3004,SPL8003004,34078684
3005,SPL8003005,34078685
3006,SPL8003006,34078686
3007,SPL8003007,34078687
3008,SPL8003008,34078688
3009,SPL8003009,34078689
3010,SPL8003010,34078690
3011,SPL8003011,34078691
3012,SPL8003012,34078692
3013,SPL8003013,34078693
3014,SPL8003014,34078694
3015,SPL8003015,34078695
3016,SPL8003016,34078696
3017,SPL8003017,34078697
3018,SPL8003018,34078698
3019,SPL8003019,34078699
3020,SPL8003020,34078700
3021,SPL8003021,34078701
3022,SPL8003022,34078702
3023,SPL8003023,34078703
3024,SPL8003024,34078704
3025,SPL8003025,34078705;34081475
3026,SPL8003026,34078706
3027,SPL8003027,34078707
3028,SPL8003028,34078708
3029,SPL8003029,34078709
3030,SPL8003030,34078710
3031,SPL8003031,34078711
3032,SPL8003032,34078712
3033,SPL8003033,34078713
3034,SPL8003034,34078714
3035,SPL8003035,34078715
3036,SPL8003036,34078716
3037,SPL8003037,34078717
3038,SPL8003038,34078718
3039,SPL8003039,34078719
3040,SPL8003040,34078720
3041,SPL8003041,34078721
3042,SPL8003042,34078730
3043,SPL8003043,34078731
3044,SPL8003044,34078732
3045,SPL8003045,34078733
3046,SPL8003046,34078747
3047,SPL8003047,34078761
3048,SPL8003048,34078762
3049,SPL8003049,34078763
3050,SPL8003050,34078764
3051,SPL8003051,34078765
3052,SPL8003052,34078766
3053,SPL8003053,34078767
3054,SPL8003054,34078768
3055,SPL8003055,34078769
3056,SPL8003056,34078770
3057,SPL8003057,34078771
3058,SPL8003058,34078772
3059,SPL8003059,34078773
3060,SPL8003060,34078774
3061,SPL8003061,34078775
3062,SPL8003062,34078776
3063,SPL8003063,34078777
3064,SPL8003064,34078778
3065,SPL8003065,34078779
3066,SPL8003066,34078780
3067,SPL8003067,34078781
3068,SPL8003068,34078782
3069,SPL8003069,34078783
3070,SPL8003070,34078784
3071,SPL8003071,34078785
3072,SPL8003072,34078786
3073,SPL8003073,34078787
3074,SPL8003074,34078788
3075,SPL8003075,34078789
3076,SPL8003076,34078790
3077,SPL8003077,34078791
3078,SPL8003078,34078792
3079,SPL8003079,34078793
3080,SPL8003080,34078794
3081,SPL8003081,34078795
3082,SPL8003082,34078796
3083,SPL8003083,34078797
3084,SPL8003084,34078798
3085,SPL8003085,34078799
3086,SPL8003086,34078800
3087,SPL8003087,34078801
3088,SPL8003088,34078802
3089,SPL8003089,34078803
3090,SPL8003090,34078804
3091,SPL8003091,34078805
3092,SPL8003092,34078806
3093,SPL8003093,34078807
3094,SPL8003094,34078808
3095,SPL8003095,34078809
3096,SPL8003096,34078810
3097,SPL8003097,34078811
3098,SPL8003098,34078812
3099,SPL8003099,34078813
3100,SPL8003100,34078814
3101,SPL8003101,34078815
3102,SPL8003102,34078816
3103,SPL8003103,34078817
3104,SPL8003104,34078818
3105,SPL8003105,34078819
3106,SPL8003106,34078820
3107,SPL8003107,34078821
3108,SPL8003108,34078822
3109,SPL8003109,34078823;38037745;38044023;38049257;38066621
3110,SPL8003110,34078825
3111,SPL8003111,34078897
3112,SPL8003112,34078907
3113,SPL8003113,34078908
3114,SPL8003114,34078909
3115,SPL8003115,34078911
3116,SPL8003116,34078915
3117,SPL8003117,34078921
3118,SPL8003118,34078922
3119,SPL8003119,34078952;34078965
3120,SPL8003120,34078953;34078966
3121,SPL8003121,34078954;34078967
3122,SPL8003122,34078955
3123,SPL8003123,34078956
3124,SPL8003124,34078957
3125,SPL8003125,34078958
3126,SPL8003126,34078959
3127,SPL8003127,34078960
3128,SPL8003128,34078961
3129,SPL8003129,34078962
3130,SPL8003130,34078963
3131,SPL8003131,34078964;34078968
3132,SPL8003132,34078969
3133,SPL8003133,34078970
3134,SPL8003134,34078971
3135,SPL8003135,34078972
3136,SPL8003136,34078973
3137,SPL8003137,34078974
3138,SPL8003138,34078975
3139,SPL8003139,34078976
3140,SPL8003140,34078977
3141,SPL8003141,34078978
3142,SPL8003142,34078979
3143,SPL8003143,34078980
3144,SPL8003144,34078981
3145,SPL8003145,34078982
3146,SPL8003146,34078983
3147,SPL8003147,34078984
3148,SPL8003148,34078985;34082383;34084712
3149,SPL8003149,34078986;34084795;34084799
3150,SPL8003150,34078987;34084796;34084800
3151,SPL8003151,34078988;34082384;34084713
3152,SPL8003152,34078989;34082385;34084714
3153,SPL8003153,34078990;34082386;34084715
3154,SPL8003154,34078991;34082387;34084716
3155,SPL8003155,34078992;34082388;34084717
3156,SPL8003156,34078993;34082389;34084718
3157,SPL8003157,34078994;34082390;34084719
3158,SPL8003158,34078995;34082391;34084720
3159,SPL8003159,34078996;34082392;34084721
3160,SPL8003160,34078997;34082393;34084722
3161,SPL8003161,34078998;34082394;34084723
3162,SPL8003162,34078999;34082395;34084724
3163,SPL8003163,34079000;34082396;34084725
3164,SPL8003164,34079001;34082397;34084726
3165,SPL8003165,34079002;34082398;34084727
3166,SPL8003166,34079003;34084284;34084728
3167,SPL8003167,34079004;34084801
3168,SPL8003168,34079005;34084286;34084729
3169,SPL8003169,34079006;34084287;34084730
3170,SPL8003170,34079007;34084288;34084731
3171,SPL8003171,34079008;34084289;34084732
3172,SPL8003172,34079009;34084290;34084733
3173,SPL8003173,34079010;34084291;34084734
3174,SPL8003174,34079011;34084802
3175,SPL8003175,34079012;34084293;34084735
3176,SPL8003176,34079013;34084294;34084736
3177,SPL8003177,34079014;34084295;34084737
3178,SPL8003178,34079015;34084296;34084738
3179,SPL8003179,34079016;34084297;34084739
3180,SPL8003180,34079017;34084298;34084740
3181,SPL8003181,34079018;34084299;34084741
3182,SPL8003182,34079019;34082458;34084743
3183,SPL8003183,34079020;34084797;34084803
3184,SPL8003184,34079021;34084798;34084804
3185,SPL8003185,34079022;34082459;34084744
3186,SPL8003186,34079023;34082460;34084745
3187,SPL8003187,34079024;34082461;34084746
3188,SPL8003188,34079025;34082462;34084747
3189,SPL8003189,34079026;34082463;34084748
3190,SPL8003190,34079027;34082464;34084749
3191,SPL8003191,34079028;34082465;34084750
3192,SPL8003192,34079029;34082466;34084751
3193,SPL8003193,34079030;34082467;34084752
3194,SPL8003194,34079031;34082468;34084753
3195,SPL8003195,34079032;34082469;34084754
3196,SPL8003196,34079033;34082470;34084755
3197,SPL8003197,34079034;34082471;34084756
3198,SPL8003198,34079035;34082472;34084757
3199,SPL8003199,34079036;34082473;34084758
3200,SPL8003200,34079037;34084218;34084759
3201,SPL8003201,34079038;34084219;34084760
3202,SPL8003202,34079039;34084220;34084761
3203,SPL8003203,34079040;34081582;34084221;34084762
3204,SPL8003204,34079041;34084222;34084763
3205,SPL8003205,34079042;34084223;34084764
3206,SPL8003206,34079043;34084224;34084765
3207,SPL8003207,34079044;34081215;34084225;34084766
3208,SPL8003208,34079045;34084226;34084767
3209,SPL8003209,34079046;34084227;34084768
3210,SPL8003210,34079047;34084228;34084769
3211,SPL8003211,34079048;34084229;34084770
3212,SPL8003212,34079049;34084230;34084771
3213,SPL8003213,34079050;34084231;34084772
3214,SPL8003214,34079051;34084232;34084773
3215,SPL8003215,34079052;34084233;34084774
3216,SPL8003216,34079053;34079054
3217,SPL8003217,34079055;34079056
3218,SPL8003218,34079057;34079058
3219,SPL8003219,34079059;34079060
3220,SPL8003220,34079061;34079062
3221,SPL8003221,34079063
3222,SPL8003222,34079064
3223,SPL8003223,34079065
3224,SPL8003224,34079066
3225,SPL8003225,34079067
3226,SPL8003226,34079068
3227,SPL8003227,34079069
3228,SPL8003228,34079070
3229,SPL8003229,34079071
3230,SPL8003230,34079072;34082419;34082540
3231,SPL8003231,34079073;34082420;34082541
3232,SPL8003232,34079074;34082421;34082542
3233,SPL8003233,34079075
3234,SPL8003234,34079076
3235,SPL8003235,34079077
3236,SPL8003236,34079078
3237,SPL8003237,34079079
3238,SPL8003238,34079080
3239,SPL8003239,34079081
3240,SPL8003240,34079082
3241,SPL8003241,34079083
3242,SPL8003242,34079084
3243,SPL8003243,34079085
3244,SPL8003244,34079086
3245,SPL8003245,34079087
3246,SPL8003246,34079088
3247,SPL8003247,34079089
3248,SPL8003248,34079090
3249,SPL8003249,34079091
3250,SPL8003250,34079092
3251,SPL8003251,34079093
3252,SPL8003252,34079094
3253,SPL8003253,34079095
3254,SPL8003254,34079096
3255,SPL8003255,34079097
3256,SPL8003256,34079098
3257,SPL8003257,34079099
3258,SPL8003258,34079100
3259,SPL8003259,34079101
3260,SPL8003260,34079102;34079103
3261,SPL8003261,34079104;34079105
3262,SPL8003262,34079106;34079107
3263,SPL8003263,34079108;34079109
3264,SPL8003264,34079110;34079111
3265,SPL8003265,34079112
3266,SPL8003266,34079113
3267,SPL8003267,34079114
3268,SPL8003268,34079115
3269,SPL8003269,34079116
3270,SPL8003270,34079117
3271,SPL8003271,34079118
3272,SPL8003272,34079119;34082489;34082572
3273,SPL8003273,34079120;34082490;34082573
3274,SPL8003274,34079121;34082491;34082574
3275,SPL8003275,34079122
3276,SPL8003276,34079123
3277,SPL8003277,34079124
3278,SPL8003278,34079125
3279,SPL8003279,34079126
3280,SPL8003280,34079127
3281,SPL8003281,34079128
3282,SPL8003282,34079129
3283,SPL8003283,34079130
3284,SPL8003284,34079131
3285,SPL8003285,34079132
3286,SPL8003286,34079133
3287,SPL8003287,34079134
3288,SPL8003288,34079135
3289,SPL8003289,34079136
3290,SPL8003290,34079137
3291,SPL8003291,34079138
3292,SPL8003292,34079139
3293,SPL8003293,34079140
3294,SPL8003294,34079141
3295,SPL8003295,34079142
3296,SPL8003296,34079143;34079145
3297,SPL8003297,34079144
3298,SPL8003298,34079146
3299,SPL8003299,34079185;34082451;34084778
3300,SPL8003300,34079186;34082452;34084779
3301,SPL8003301,34079187;34082453;34084780
3302,SPL8003302,34079188;34082454;34084781
3303,SPL8003303,34079189;34084793
3304,SPL8003304,34079190;34082455;34084782
3305,SPL8003305,34079191;34082456;34084783
3306,SPL8003306,34079192;34082372;34084784
3307,SPL8003307,34079193;34082373;34084785
3308,SPL8003308,34079194;34082374;34084786
3309,SPL8003309,34079195;34082375;34084787
3310,SPL8003310,34079196;34084794
3311,SPL8003311,34079197;34082376;34084702
3312,SPL8003312,34079198;34082377;34084703
3313,SPL8003313,34079250
3314,SPL8003314,34079253
3315,SPL8003315,34079254
3316,SPL8003316,34079255
3317,SPL8003317,34079347
3318,SPL8003318,34079348
3319,SPL8003319,34079349;34080335
3320,SPL8003320,34079350
3321,SPL8003321,34079351
3322,SPL8003322,34079352
3323,SPL8003323,34079353
3324,SPL8003324,34079354
3325,SPL8003325,34079355
3326,SPL8003326,34079356;38063057
3327,SPL8003327,34079357
3328,SPL8003328,34079358
3329,SPL8003329,34079359
3330,SPL8003330,34079366
3331,SPL8003331,34079367
3332,SPL8003332,34079368
3333,SPL8003333,34079369
3334,SPL8003334,34079370
3335,SPL8003335,34079371
3336,SPL8003336,34079381
3337,SPL8003337,34079382
3338,SPL8003338,34079387
3339,SPL8003339,34079388
3340,SPL8003340,34079389
3341,SPL8003341,34079390
3342,SPL8003342,34079391
3343,SPL8003343,34079392
3344,SPL8003344,34079393
3345,SPL8003345,34079394
3346,SPL8003346,34079397;34080840;38059394
3347,SPL8003347,34079417;38037832
3348,SPL8003348,34079420
3349,SPL8003349,34079421
3350,SPL8003350,34079422
3351,SPL8003351,34079423
3352,SPL8003352,34079424
3353,SPL8003353,34079425
3354,SPL8003354,34079426
3355,SPL8003355,34079427
3356,SPL8003356,34079428
3357,SPL8003357,34079429
3358,SPL8003358,34079430
3359,SPL8003359,34079432
3360,SPL8003360,34079614
3361,SPL8003361,34079615
3362,SPL8003362,34079616
3363,SPL8003363,34079689
3364,SPL8003364,34079690
3365,SPL8003365,34079691
3366,SPL8003366,34079693
3367,SPL8003367,34079694
3368,SPL8003368,34079747
3369,SPL8003369,34079777;38041040;38046208
3370,SPL8003370,34079793
3371,SPL8003371,34079794
3372,SPL8003372,34079862;38049263;38066622
3373,SPL8003373,34079868
3374,SPL8003374,34079966
3375,SPL8003375,34079968
3376,SPL8003376,34079974
3377,SPL8003377,34080010
3378,SPL8003378,34080011
3379,SPL8003379,34080012
3380,SPL8003380,34080013
3381,SPL8003381,34080014
3382,SPL8003382,34080031
3383,SPL8003383,34080035
3384,SPL8003384,34080055
3385,SPL8003385,34080061
3386,SPL8003386,34080062
3387,SPL8003387,34080063;38061791
3388,SPL8003388,34080069
3389,SPL8003389,34080096
3390,SPL8003390,34080098;38062542;38062543;38065152;38066403;38066419
3391,SPL8003391,34080104
3392,SPL8003392,34080106;38060585
3393,SPL8003393,34080107
3394,SPL8003394,34080108
3395,SPL8003395,34080109;34083367
3396,SPL8003396,34080110
3397,SPL8003397,34080111;38042202;38062819
3398,SPL8003398,34080113
3399,SPL8003399,34080114
3400,SPL8003400,34080115
3401,SPL8003401,34080153
3402,SPL8003402,34080158
3403,SPL8003403,34080159
3404,SPL8003404,34080184
3405,SPL8003405,34080189
3406,SPL8003406,34080190
3407,SPL8003407,34080191
3408,SPL8003408,34080192
3409,SPL8003409,34080193
3410,SPL8003410,34080194
3411,SPL8003411,34080195
3412,SPL8003412,34080196
3413,SPL8003413,34080199
3414,SPL8003414,34080200
3415,SPL8003415,34080202
3416,SPL8003416,34080203
3417,SPL8003417,34080204
3418,SPL8003418,34080205
3419,SPL8003419,34080206
3420,SPL8003420,34080207
3421,SPL8003421,34080208
3422,SPL8003422,34080209
3423,SPL8003423,34080229
3424,SPL8003424,34080230
3425,SPL8003425,34080263
3426,SPL8003426,34080281;34081291;38048558
3427,SPL8003427,34080288;38059779;38063901
3428,SPL8003428,34080316
3429,SPL8003429,34080330
3430,SPL8003430,34080331
3431,SPL8003431,34080332
3432,SPL8003432,34080333
3433,SPL8003433,34080334
3434,SPL8003434,34080336
3435,SPL8003435,34080337
3436,SPL8003436,34080338
3437,SPL8003437,34080339
3438,SPL8003438,34080342
3439,SPL8003439,34080343
3440,SPL8003440,34080344
3441,SPL8003441,34080345
3442,SPL8003442,34080346
3443,SPL8003443,34080347
3444,SPL8003444,34080348
3445,SPL8003445,34080349
3446,SPL8003446,34080350
3447,SPL8003447,34080351
3448,SPL8003448,34080352
3449,SPL8003449,34080355;38037042;38041728;38044289;38059562;38062818
3450,SPL8003450,34080358
3451,SPL8003451,34080360
3452,SPL8003452,34080361
3453,SPL8003453,34080363;38059298
3454,SPL8003454,34080364
3455,SPL8003455,34080365
3456,SPL8003456,34080366
3457,SPL8003457,34080367
3458,SPL8003458,34080368
3459,SPL8003459,34080369
3460,SPL8003460,34080370
3461,SPL8003461,34080371
3462,SPL8003462,34080372
3463,SPL8003463,34080373
3464,SPL8003464,34080374
3465,SPL8003465,34080375;38045837;38048059
3466,SPL8003466,34080376;38045381;38060945;38060948
3467,SPL8003467,34080377;38059375;38060946
3468,SPL8003468,34080378;38045838
3469,SPL8003469,34080379;38047435;38060505;38060910
3470,SPL8003470,34080380;38049362
3471,SPL8003471,34080382;38060531
3472,SPL8003472,34080383;38049363
3473,SPL8003473,34080384;38049224
3474,SPL8003474,34080386;38049227
3475,SPL8003475,34080387;38060532
3476,SPL8003476,34080389
3477,SPL8003477,34080390
3478,SPL8003478,34080393;34080756
3479,SPL8003479,34080395
3480,SPL8003480,34080398;34083064
3481,SPL8003481,34080399;34083065
3482,SPL8003482,34080400
3483,SPL8003483,34080401;34083066
3484,SPL8003484,34080402;34083067
3485,SPL8003485,34080403
3486,SPL8003486,34080404
3487,SPL8003487,34080405
3488,SPL8003488,34080406;34083068
3489,SPL8003489,34080407;34083069
3490,SPL8003490,34080408;34083070
3491,SPL8003491,34080409;34083071
3492,SPL8003492,34080410
3493,SPL8003493,34080411
3494,SPL8003494,34080412
3495,SPL8003495,34080413
3496,SPL8003496,34080414
3497,SPL8003497,34080415
3498,SPL8003498,34080416
3499,SPL8003499,34080417
3500,SPL8003500,34080418
3501,SPL8003501,34080419
3502,SPL8003502,34080420
3503,SPL8003503,34080421
3504,SPL8003504,34080422
3505,SPL8003505,34080423
3506,SPL8003506,34080424
3507,SPL8003507,34080425
3508,SPL8003508,34080426
3509,SPL8003509,34080427;34083384
3510,SPL8003510,34080428;38061187
3511,SPL8003511,34080429;38062461;38062533
3512,SPL8003512,34080432
3513,SPL8003513,34080434;38062549
3514,SPL8003514,34080478
3515,SPL8003515,34080486
3516,SPL8003516,34080487;38060591
3517,SPL8003517,34080488
3518,SPL8003518,34080617
3519,SPL8003519,34080618;34082423
3520,SPL8003520,34080619;34082424
3521,SPL8003521,34080620;34082425
3522,SPL8003522,34080621;34082422
3523,SPL8003523,34080622
3524,SPL8003524,34080637;34084418
3525,SPL8003525,34080638
3526,SPL8003526,34080649;34082791
3527,SPL8003527,34080685
3528,SPL8003528,34080706
3529,SPL8003529,34080707
3530,SPL8003530,34080713
3531,SPL8003531,34080714;34080715;34080722
3532,SPL8003532,34080716
3533,SPL8003533,34080717;34080718;34083485
3534,SPL8003534,34080719
3535,SPL8003535,34080720
3536,SPL8003536,34080721
3537,SPL8003537,34080726
3538,SPL8003538,34080727
3539,SPL8003539,34080728
3540,SPL8003540,34080729
3541,SPL8003541,34080731
3542,SPL8003542,34080732
3543,SPL8003543,34080733
3544,SPL8003544,34080734
3545,SPL8003545,34080735;34083484
3546,SPL8003546,34080736
3547,SPL8003547,34080738
3548,SPL8003548,34080739;38062405
3549,SPL8003549,34080740
3550,SPL8003550,34080741
3551,SPL8003551,34080743
3552,SPL8003552,34080744
3553,SPL8003553,34080745
3554,SPL8003554,34080747
3555,SPL8003555,34080748
3556,SPL8003556,34080749
3557,SPL8003557,34080752
3558,SPL8003558,34080753
3559,SPL8003559,34080754
3560,SPL8003560,34080755
3561,SPL8003561,34080763
3562,SPL8003562,34080765
3563,SPL8003563,34080767
3564,SPL8003564,34080829
3565,SPL8003565,34080839
3566,SPL8003566,34080841
3567,SPL8003567,34080842
3568,SPL8003568,34080843
3569,SPL8003569,34081178
3570,SPL8003570,34081179
3571,SPL8003571,34081180
3572,SPL8003572,34081183
3573,SPL8003573,34081184;34081416
3574,SPL8003574,34081185;38067395
3575,SPL8003575,34081186
3576,SPL8003576,34081187
3577,SPL8003577,34081188
3578,SPL8003578,34081189
3579,SPL8003579,34081190
3580,SPL8003580,34081191
3581,SPL8003581,34081192
3582,SPL8003582,34081193
3583,SPL8003583,34081194
3584,SPL8003584,34081195
3585,SPL8003585,34081196
3586,SPL8003586,34081197
3587,SPL8003587,34081198
3588,SPL8003588,34081199
3589,SPL8003589,34081200
3590,SPL8003590,34081201
3591,SPL8003591,34081202
3592,SPL8003592,34081203
3593,SPL8003593,34081204
3594,SPL8003594,34081205
3595,SPL8003595,34081206
3596,SPL8003596,34081207;34082360
3597,SPL8003597,34081208
3598,SPL8003598,34081209
3599,SPL8003599,34081210;34081221
3600,SPL8003600,34081211
3601,SPL8003601,34081212
3602,SPL8003602,34081213
3603,SPL8003603,34081214
3604,SPL8003604,34081216
3605,SPL8003605,34081217
3606,SPL8003606,34081218
3607,SPL8003607,34081219
3608,SPL8003608,34081220
3609,SPL8003609,34081222
3610,SPL8003610,34081223
3611,SPL8003611,34081224
3612,SPL8003612,34081227
3613,SPL8003613,34081228
3614,SPL8003614,34081229
3615,SPL8003615,34081230
3616,SPL8003616,34081231
3617,SPL8003617,34081232
3618,SPL8003618,34081233
3619,SPL8003619,34081234
3620,SPL8003620,34081235
3621,SPL8003621,34081236
3622,SPL8003622,34081237
3623,SPL8003623,34081239
3624,SPL8003624,34081240
3625,SPL8003625,34081241
3626,SPL8003626,34081242
3627,SPL8003627,34081243
3628,SPL8003628,34081245
3629,SPL8003629,34081259
3630,SPL8003630,34081289;38042031
3631,SPL8003631,34081290;38060219
3632,SPL8003632,34081295
3633,SPL8003633,34081297;34087015;38048007;38049350;38049529;38061807;38062004;38067105
3634,SPL8003634,34081302;38060120
3635,SPL8003635,34081303
3636,SPL8003636,34081305;38049456
3637,SPL8003637,34081376;34081952
3638,SPL8003638,34081422
3639,SPL8003639,34081423
3640,SPL8003640,34081426;38060079
3641,SPL8003641,34081427
3642,SPL8003642,34081428
3643,SPL8003643,34081429
3644,SPL8003644,34081430
3645,SPL8003645,34081431
3646,SPL8003646,34081433
3647,SPL8003647,34081476
3648,SPL8003648,34081482
3649,SPL8003649,34081483
3650,SPL8003650,34081577
3651,SPL8003651,34081579
3652,SPL8003652,34081580
3653,SPL8003653,34081581
3654,SPL8003654,34081583
3655,SPL8003655,34081599
3656,SPL8003656,34081645
3657,SPL8003657,34081649
3658,SPL8003658,34081650
3659,SPL8003659,34081751;34081944
3660,SPL8003660,34081752;34081940
3661,SPL8003661,34081754;34081945
3662,SPL8003662,34081755;34081941
3663,SPL8003663,34081757
3664,SPL8003664,34081758
3665,SPL8003665,34081759;34081946
3666,SPL8003666,34081761;34081947
3667,SPL8003667,34081763
3668,SPL8003668,34081764
3669,SPL8003669,34081867
3670,SPL8003670,34081876;38059136
3671,SPL8003671,34081900
3672,SPL8003672,34081901
3673,SPL8003673,34081942
3674,SPL8003674,34081943
3675,SPL8003675,34081950;34085321
3676,SPL8003676,34081951;34085322
3677,SPL8003677,34081959;38039993;38040571;38042300
3678,SPL8003678,34082105;34084348
3679,SPL8003679,34082106;34084326
3680,SPL8003680,34082107
3681,SPL8003681,34082108
3682,SPL8003682,34082109
3683,SPL8003683,34082110
3684,SPL8003684,34082111
3685,SPL8003685,34082112;34082117;34083049;34083054;34083113;34085618
3686,SPL8003686,34082113;34082857;34082858;34083114;34083565;34085619;34086490;34086598
3687,SPL8003687,34082114;34082119;34082266;34082357;34083566;34083750;34084177;34086599;34086604
3688,SPL8003688,34082115
3689,SPL8003689,34082118
3690,SPL8003690,34082120
3691,SPL8003691,34082121;34082270;34082779
3692,SPL8003692,34082122
3693,SPL8003693,34082123;34084344
3694,SPL8003694,34082124;34084145
3695,SPL8003695,34082125;34084345
3696,SPL8003696,34082126;34084346
3697,SPL8003697,34082127;34084347
3698,SPL8003698,34082128
3699,SPL8003699,34082129
3700,SPL8003700,34082130
3701,SPL8003701,34082131
3702,SPL8003702,34082132
3703,SPL8003703,34082133
3704,SPL8003704,34082134
3705,SPL8003705,34082135
3706,SPL8003706,34082136
3707,SPL8003707,34082137
3708,SPL8003708,34082138
3709,SPL8003709,34082139
3710,SPL8003710,34082140
3711,SPL8003711,34082141
3712,SPL8003712,34082143
3713,SPL8003713,34082144
3714,SPL8003714,34082145
3715,SPL8003715,34082146
3716,SPL8003716,34082147;34084328
3717,SPL8003717,34082148;34084329
3718,SPL8003718,34082149;34084330
3719,SPL8003719,34082150;34084331
3720,SPL8003720,34082151;34084332
3721,SPL8003721,34082152;34084333
3722,SPL8003722,34082153;34084334
3723,SPL8003723,34082154;34084335
3724,SPL8003724,34082155;34084336
3725,SPL8003725,34082156;34084337
3726,SPL8003726,34082157;34084338
3727,SPL8003727,34082158;34084339
3728,SPL8003728,34082159;34084340
3729,SPL8003729,34082160;34084341
3730,SPL8003730,34082161;34084342
3731,SPL8003731,34082162;34084158
3732,SPL8003732,34082163;34084159
3733,SPL8003733,34082164;34084160
3734,SPL8003734,34082165;34084161
3735,SPL8003735,34082166;34084162
3736,SPL8003736,34082167;34084163
3737,SPL8003737,34082168;34084164
3738,SPL8003738,34082169;34084165
3739,SPL8003739,34082170;34084166
3740,SPL8003740,34082171;34084167
3741,SPL8003741,34082172;34084168
3742,SPL8003742,34082173;34084169
3743,SPL8003743,34082174;34084170
3744,SPL8003744,34082175;34084171
3745,SPL8003745,34082176;34084172
3746,SPL8003746,34082177;34084173
3747,SPL8003747,34082178;34084174
3748,SPL8003748,34082179
3749,SPL8003749,34082180
3750,SPL8003750,34082181
3751,SPL8003751,34082182
3752,SPL8003752,34082183
3753,SPL8003753,34082184
3754,SPL8003754,34082185
3755,SPL8003755,34082186
3756,SPL8003756,34082187
3757,SPL8003757,34082188
3758,SPL8003758,34082189
3759,SPL8003759,34082190
3760,SPL8003760,34082191
3761,SPL8003761,34082192
3762,SPL8003762,34082193
3763,SPL8003763,34082194
3764,SPL8003764,34082195
3765,SPL8003765,34082196
3766,SPL8003766,34082197
3767,SPL8003767,34082198
3768,SPL8003768,34082199
3769,SPL8003769,34082200
3770,SPL8003770,34082201
3771,SPL8003771,34082202
3772,SPL8003772,34082203
3773,SPL8003773,34082204
3774,SPL8003774,34082205
3775,SPL8003775,34082206
3776,SPL8003776,34082207
3777,SPL8003777,34082208
3778,SPL8003778,34082209
3779,SPL8003779,34082210
3780,SPL8003780,34082211
3781,SPL8003781,34082212
3782,SPL8003782,34082213
3783,SPL8003783,34082214
3784,SPL8003784,34082215
3785,SPL8003785,34082216
3786,SPL8003786,34082217
3787,SPL8003787,34082218
3788,SPL8003788,34082219
3789,SPL8003789,34082221
3790,SPL8003790,34082222
3791,SPL8003791,34082223
3792,SPL8003792,34082224
3793,SPL8003793,34082225
3794,SPL8003794,34082226
3795,SPL8003795,34082227
3796,SPL8003796,34082228
3797,SPL8003797,34082229
3798,SPL8003798,34082230
3799,SPL8003799,34082231
3800,SPL8003800,34082232
3801,SPL8003801,34082233
3802,SPL8003802,34082234
3803,SPL8003803,34082235
3804,SPL8003804,34082236
3805,SPL8003805,34082237
3806,SPL8003806,34082238
3807,SPL8003807,34082239
3808,SPL8003808,34082240
3809,SPL8003809,34082241
3810,SPL8003810,34082242
3811,SPL8003811,34082243
3812,SPL8003812,34082244
3813,SPL8003813,34082245
3814,SPL8003814,34082246
3815,SPL8003815,34082247
3816,SPL8003816,34082249;34082898
3817,SPL8003817,34082250
3818,SPL8003818,34082251
3819,SPL8003819,34082252
3820,SPL8003820,34082253
3821,SPL8003821,34082254
3822,SPL8003822,34082255
3823,SPL8003823,34082256
3824,SPL8003824,34082257
3825,SPL8003825,34082258
3826,SPL8003826,34082259
3827,SPL8003827,34082260
3828,SPL8003828,34082261
3829,SPL8003829,34082262
3830,SPL8003830,34082263
3831,SPL8003831,34082264
3832,SPL8003832,34082265
3833,SPL8003833,34082267;34082269;34082273;34082777;34083006;34083007
3834,SPL8003834,34082268
3835,SPL8003835,34082271
3836,SPL8003836,34082272;34082781
3837,SPL8003837,34082274
3838,SPL8003838,34082275
3839,SPL8003839,34082276
3840,SPL8003840,34082277
3841,SPL8003841,34082278
3842,SPL8003842,34082279
3843,SPL8003843,34082280
3844,SPL8003844,34082281
3845,SPL8003845,34082282
3846,SPL8003846,34082283
3847,SPL8003847,34082284
3848,SPL8003848,34082285
3849,SPL8003849,34082286
3850,SPL8003850,34082287
3851,SPL8003851,34082288
3852,SPL8003852,34082289
3853,SPL8003853,34082290
3854,SPL8003854,34082291
3855,SPL8003855,34082292
3856,SPL8003856,34082293
3857,SPL8003857,34082294
3858,SPL8003858,34082295
3859,SPL8003859,34082296
3860,SPL8003860,34082297
3861,SPL8003861,34082298
3862,SPL8003862,34082299
3863,SPL8003863,34082300
3864,SPL8003864,34082301
3865,SPL8003865,34082302
3866,SPL8003866,34082303
3867,SPL8003867,34082304
3868,SPL8003868,34082305
3869,SPL8003869,34082306
3870,SPL8003870,34082307
3871,SPL8003871,34082308
3872,SPL8003872,34082309
3873,SPL8003873,34082310
3874,SPL8003874,34082311
3875,SPL8003875,34082312
3876,SPL8003876,34082313
3877,SPL8003877,34082314
3878,SPL8003878,34082315
3879,SPL8003879,34082316
3880,SPL8003880,34082317
3881,SPL8003881,34082318
3882,SPL8003882,34082319
3883,SPL8003883,34082320
3884,SPL8003884,34082321
3885,SPL8003885,34082322
3886,SPL8003886,34082323
3887,SPL8003887,34082324
3888,SPL8003888,34082325
3889,SPL8003889,34082326
3890,SPL8003890,34082327
3891,SPL8003891,34082328
3892,SPL8003892,34082329
3893,SPL8003893,34082330
3894,SPL8003894,34082331
3895,SPL8003895,34082332
3896,SPL8003896,34082333
3897,SPL8003897,34082334
3898,SPL8003898,34082335
3899,SPL8003899,34082336
3900,SPL8003900,34082337
3901,SPL8003901,34082338
3902,SPL8003902,34082339
3903,SPL8003903,34082340
3904,SPL8003904,34082341
3905,SPL8003905,34082342
3906,SPL8003906,34082343
3907,SPL8003907,34082344
3908,SPL8003908,34082345
3909,SPL8003909,34082346
3910,SPL8003910,34082347
3911,SPL8003911,34082348
3912,SPL8003912,34082349
3913,SPL8003913,34082350
3914,SPL8003914,34082351
3915,SPL8003915,34082352
3916,SPL8003916,34082353
3917,SPL8003917,34082354
3918,SPL8003918,34082355
3919,SPL8003919,34082356
3920,SPL8003920,34082362
3921,SPL8003921,34082363
3922,SPL8003922,34082364
3923,SPL8003923,34082365
3924,SPL8003924,34082366
3925,SPL8003925,34082367
3926,SPL8003926,34082368
3927,SPL8003927,34082369
3928,SPL8003928,34082370
3929,SPL8003929,34082371
3930,SPL8003930,34082378
3931,SPL8003931,34082379
3932,SPL8003932,34082380
3933,SPL8003933,34082381
3934,SPL8003934,34082382
3935,SPL8003935,34082399
3936,SPL8003936,34082400
3937,SPL8003937,34082401
3938,SPL8003938,34082402
3939,SPL8003939,34082403
3940,SPL8003940,34082404
3941,SPL8003941,34082405
3942,SPL8003942,34082406
3943,SPL8003943,34082407
3944,SPL8003944,34082408
3945,SPL8003945,34082409
3946,SPL8003946,34082410
3947,SPL8003947,34082411
3948,SPL8003948,34082412
3949,SPL8003949,34082413
3950,SPL8003950,34082414
3951,SPL8003951,34082415
3952,SPL8003952,34082416
3953,SPL8003953,34082417
3954,SPL8003954,34082418
3955,SPL8003955,34082426
3956,SPL8003956,34082427
3957,SPL8003957,34082428
3958,SPL8003958,34082429
3959,SPL8003959,34082430
3960,SPL8003960,34082431
3961,SPL8003961,34082432
3962,SPL8003962,34082433
3963,SPL8003963,34082434
3964,SPL8003964,34082435
3965,SPL8003965,34082436
3966,SPL8003966,34082437;34082438
3967,SPL8003967,34082439
3968,SPL8003968,34082440
3969,SPL8003969,34082441
3970,SPL8003970,34082442
3971,SPL8003971,34082443
3972,SPL8003972,34082444
3973,SPL8003973,34082445
3974,SPL8003974,34082446
3975,SPL8003975,34082447
3976,SPL8003976,34082448
3977,SPL8003977,34082449
3978,SPL8003978,34082450
3979,SPL8003979,34082457
3980,SPL8003980,34082474
3981,SPL8003981,34082475
3982,SPL8003982,34082476
3983,SPL8003983,34082477
3984,SPL8003984,34082478
3985,SPL8003985,34082479
3986,SPL8003986,34082480
3987,SPL8003987,34082481
3988,SPL8003988,34082482
3989,SPL8003989,34082483
3990,SPL8003990,34082484
3991,SPL8003991,34082485
3992,SPL8003992,34082486
3993,SPL8003993,34082487
3994,SPL8003994,34082488
3995,SPL8003995,34082492
3996,SPL8003996,34082493
3997,SPL8003997,34082494
3998,SPL8003998,34082495
3999,SPL8003999,34082496
4000,SPL8004000,34082497
4001,SPL8004001,34082498
4002,SPL8004002,34082499
4003,SPL8004003,34082500
4004,SPL8004004,34082501
4005,SPL8004005,34082502
4006,SPL8004006,34082503
4007,SPL8004007,34082504
4008,SPL8004008,34082511
4009,SPL8004009,34082512
4010,SPL8004010,34082513
4011,SPL8004011,34082514
4012,SPL8004012,34082515
4013,SPL8004013,34082516
4014,SPL8004014,34082517
4015,SPL8004015,34082518
4016,SPL8004016,34082519
4017,SPL8004017,34082520
4018,SPL8004018,34082521
4019,SPL8004019,34082522
4020,SPL8004020,34082523
4021,SPL8004021,34082524
4022,SPL8004022,34082525
4023,SPL8004023,34082526
4024,SPL8004024,34082527
4025,SPL8004025,34082528
4026,SPL8004026,34082529
4027,SPL8004027,34082530
4028,SPL8004028,34082531
4029,SPL8004029,34082532
4030,SPL8004030,34082533
4031,SPL8004031,34082534
4032,SPL8004032,34082535
4033,SPL8004033,34082536
4034,SPL8004034,34082537
4035,SPL8004035,34082538
4036,SPL8004036,34082539
4037,SPL8004037,34082543
4038,SPL8004038,34082544
4039,SPL8004039,34082545
4040,SPL8004040,34082546
4041,SPL8004041,34082547
4042,SPL8004042,34082548
4043,SPL8004043,34082549
4044,SPL8004044,34082550
4045,SPL8004045,34082551
4046,SPL8004046,34082552
4047,SPL8004047,34082553
4048,SPL8004048,34082554
4049,SPL8004049,34082555
4050,SPL8004050,34082556
4051,SPL8004051,34082557
4052,SPL8004052,34082558
4053,SPL8004053,34082559
4054,SPL8004054,34082560
4055,SPL8004055,34082561
4056,SPL8004056,34082562
4057,SPL8004057,34082563
4058,SPL8004058,34082564
4059,SPL8004059,34082565
4060,SPL8004060,34082566
4061,SPL8004061,34082567
4062,SPL8004062,34082568
4063,SPL8004063,34082569
4064,SPL8004064,34082570
4065,SPL8004065,34082571
4066,SPL8004066,34082575
4067,SPL8004067,34082576
4068,SPL8004068,34082577
4069,SPL8004069,34082578
4070,SPL8004070,34082579
4071,SPL8004071,34082580
4072,SPL8004072,34082581
4073,SPL8004073,34082582
4074,SPL8004074,34082583
4075,SPL8004075,34082584
4076,SPL8004076,34082585
4077,SPL8004077,34082620
4078,SPL8004078,34082621
4079,SPL8004079,34082622
4080,SPL8004080,34082623
4081,SPL8004081,34082624
4082,SPL8004082,34082625
4083,SPL8004083,34082626
4084,SPL8004084,34082627
4085,SPL8004085,34082628
4086,SPL8004086,34082629
4087,SPL8004087,34082630
4088,SPL8004088,34082631
4089,SPL8004089,34082632
4090,SPL8004090,34082633
4091,SPL8004091,34082634
4092,SPL8004092,34082635
4093,SPL8004093,34082636
4094,SPL8004094,34082637
4095,SPL8004095,34082638
4096,SPL8004096,34082639
4097,SPL8004097,34082640
4098,SPL8004098,34082641
4099,SPL8004099,34082642
4100,SPL8004100,34082643
4101,SPL8004101,34082644
4102,SPL8004102,34082645
4103,SPL8004103,34082646
4104,SPL8004104,34082647
4105,SPL8004105,34082701
4106,SPL8004106,34082713
4107,SPL8004107,34082714
4108,SPL8004108,34082715
4109,SPL8004109,34082716
4110,SPL8004110,34082717
4111,SPL8004111,34082718
4112,SPL8004112,34082719
4113,SPL8004113,34082720
4114,SPL8004114,34082721
4115,SPL8004115,34082722
4116,SPL8004116,34082723
4117,SPL8004117,34082724
4118,SPL8004118,34082725
4119,SPL8004119,34082726
4120,SPL8004120,34082727
4121,SPL8004121,34082728
4122,SPL8004122,34082729
4123,SPL8004123,34082730
4124,SPL8004124,34082731
4125,SPL8004125,34082732
4126,SPL8004126,34082733
4127,SPL8004127,34082734
4128,SPL8004128,34082735
4129,SPL8004129,34082736
4130,SPL8004130,34082737
4131,SPL8004131,34082738
4132,SPL8004132,34082739
4133,SPL8004133,34082740
4134,SPL8004134,34082741
4135,SPL8004135,34082742
4136,SPL8004136,34082743
4137,SPL8004137,34082744
4138,SPL8004138,34082745
4139,SPL8004139,34082746
4140,SPL8004140,34082747
4141,SPL8004141,34082748
4142,SPL8004142,34082749
4143,SPL8004143,34082750
4144,SPL8004144,34082751
4145,SPL8004145,34082752
4146,SPL8004146,34082753
4147,SPL8004147,34082754
4148,SPL8004148,34082755
4149,SPL8004149,34082756
4150,SPL8004150,34082757
4151,SPL8004151,34082758
4152,SPL8004152,34082759
4153,SPL8004153,34082760
4154,SPL8004154,34082761
4155,SPL8004155,34082762
4156,SPL8004156,34082763
4157,SPL8004157,34082764
4158,SPL8004158,34082765
4159,SPL8004159,34082766
4160,SPL8004160,34082767
4161,SPL8004161,34082768
4162,SPL8004162,34082769
4163,SPL8004163,34082770
4164,SPL8004164,34082771
4165,SPL8004165,34082772
4166,SPL8004166,34082773
4167,SPL8004167,34082774;34083003
4168,SPL8004168,34082775;34083004
4169,SPL8004169,34082776;34083005
4170,SPL8004170,34082780
4171,SPL8004171,34082782
4172,SPL8004172,34082783
4173,SPL8004173,34082784
4174,SPL8004174,34082785;34088269
4175,SPL8004175,34082786
4176,SPL8004176,34082787
4177,SPL8004177,34082789;34085747
4178,SPL8004178,34082790;34085748
4179,SPL8004179,34082793;82024803
4180,SPL8004180,34082816
4181,SPL8004181,34082817
4182,SPL8004182,34082818
4183,SPL8004183,34082819
4184,SPL8004184,34082820
4185,SPL8004185,34082821
4186,SPL8004186,34082822
4187,SPL8004187,34082852
4188,SPL8004188,34082859;34084809
4189,SPL8004189,34082860
4190,SPL8004190,34082944;38060116
4191,SPL8004191,34082959
4192,SPL8004192,34082960
4193,SPL8004193,34082961
4194,SPL8004194,34082962
4195,SPL8004195,34082963
4196,SPL8004196,34082964
4197,SPL8004197,34082965;34082970
4198,SPL8004198,34082966;34082971
4199,SPL8004199,34082967;34082972
4200,SPL8004200,34082968;34082973
4201,SPL8004201,34082969;34082974
4202,SPL8004202,34082975
4203,SPL8004203,34082976
4204,SPL8004204,34082977
4205,SPL8004205,34082978
4206,SPL8004206,34082979
4207,SPL8004207,34082980
4208,SPL8004208,34082981
4209,SPL8004209,34082982
4210,SPL8004210,34082983
4211,SPL8004211,34082984
4212,SPL8004212,34082985
4213,SPL8004213,34082986
4214,SPL8004214,34082987
4215,SPL8004215,34082988
4216,SPL8004216,34082989
4217,SPL8004217,34082990
4218,SPL8004218,34082991
4219,SPL8004219,34082992
4220,SPL8004220,34082993
4221,SPL8004221,34082994
4222,SPL8004222,34082995
4223,SPL8004223,34082996
4224,SPL8004224,34082997
4225,SPL8004225,34082998
4226,SPL8004226,34082999
4227,SPL8004227,34083000
4228,SPL8004228,34083001
4229,SPL8004229,34083002
4230,SPL8004230,34083008
4231,SPL8004231,34083009
4232,SPL8004232,34083010
4233,SPL8004233,34083011
4234,SPL8004234,34083041
4235,SPL8004235,34083042
4236,SPL8004236,34083043
4237,SPL8004237,34083044
4238,SPL8004238,34083045
4239,SPL8004239,34083046
4240,SPL8004240,34083047
4241,SPL8004241,34083048
4242,SPL8004242,34083050
4243,SPL8004243,34083051
4244,SPL8004244,34083052
4245,SPL8004245,34083053
4246,SPL8004246,34083055
4247,SPL8004247,34083056
4248,SPL8004248,34083059
4249,SPL8004249,34083060
4250,SPL8004250,34083062;38041696
4251,SPL8004251,34083072
4252,SPL8004252,34083073
4253,SPL8004253,34083074
4254,SPL8004254,34083075
4255,SPL8004255,34083076
4256,SPL8004256,34083077
4257,SPL8004257,34083078
4258,SPL8004258,34083079
4259,SPL8004259,34083080
4260,SPL8004260,34083081
4261,SPL8004261,34083082
4262,SPL8004262,34083083
4263,SPL8004263,34083084
4264,SPL8004264,34083085
4265,SPL8004265,34083086
4266,SPL8004266,34083087
4267,SPL8004267,34083088
4268,SPL8004268,34083089
4269,SPL8004269,34083090
4270,SPL8004270,34083091
4271,SPL8004271,34083092
4272,SPL8004272,34083093
4273,SPL8004273,34083094
4274,SPL8004274,34083095;34085954
4275,SPL8004275,34083346
4276,SPL8004276,34083347
4277,SPL8004277,34083348;34085000
4278,SPL8004278,34083349;34085386
4279,SPL8004279,34083350
4280,SPL8004280,34083368
4281,SPL8004281,34083369
4282,SPL8004282,34083379;34084999
4283,SPL8004283,34083380;34085384
4284,SPL8004284,34083381;34085385
4285,SPL8004285,34083382;34085387
4286,SPL8004286,34083459
4287,SPL8004287,34083460
4288,SPL8004288,34083486
4289,SPL8004289,34083487
4290,SPL8004290,34083490;38062651
4291,SPL8004291,34083491;38062650
4292,SPL8004292,34083492
4293,SPL8004293,34083496
4294,SPL8004294,34083497
4295,SPL8004295,34083498
4296,SPL8004296,34083499
4297,SPL8004297,34083500
4298,SPL8004298,34083504
4299,SPL8004299,34083505
4300,SPL8004300,34083506;34085383
4301,SPL8004301,34083561
4302,SPL8004302,34083562
4303,SPL8004303,34083564
4304,SPL8004304,34083567
4305,SPL8004305,34083568
4306,SPL8004306,34083569
4307,SPL8004307,34083570
4308,SPL8004308,34083736
4309,SPL8004309,34083748
4310,SPL8004310,34083749
4311,SPL8004311,34083880
4312,SPL8004312,34083901
4313,SPL8004313,34083902
4314,SPL8004314,34083903
4315,SPL8004315,34083904
4316,SPL8004316,34083934
4317,SPL8004317,34083935
4318,SPL8004318,34083936
4319,SPL8004319,34083937
4320,SPL8004320,34083938
4321,SPL8004321,34083939
4322,SPL8004322,34083940
4323,SPL8004323,34083941
4324,SPL8004324,34083942
4325,SPL8004325,34083943
4326,SPL8004326,34083944
4327,SPL8004327,34083945
4328,SPL8004328,34083946
4329,SPL8004329,34083947
4330,SPL8004330,34083948
4331,SPL8004331,34083949
4332,SPL8004332,34083950
4333,SPL8004333,34083951
4334,SPL8004334,34083952
4335,SPL8004335,34083953
4336,SPL8004336,34083954
4337,SPL8004337,34083955
4338,SPL8004338,34083956
4339,SPL8004339,34083957
4340,SPL8004340,34083958
4341,SPL8004341,34083959
4342,SPL8004342,34083960
4343,SPL8004343,34083961
4344,SPL8004344,34083962
4345,SPL8004345,34083963
4346,SPL8004346,34083970
4347,SPL8004347,34083971
4348,SPL8004348,34083972
4349,SPL8004349,34083975
4350,SPL8004350,34083976
4351,SPL8004351,34083977
4352,SPL8004352,34083978
4353,SPL8004353,34083979
4354,SPL8004354,34083980
4355,SPL8004355,34083981
4356,SPL8004356,34083982
4357,SPL8004357,34083983
4358,SPL8004358,34083984
4359,SPL8004359,34083985
4360,SPL8004360,34083986
4361,SPL8004361,34083987
4362,SPL8004362,34083988
4363,SPL8004363,34083989
4364,SPL8004364,34083990
4365,SPL8004365,34083991
4366,SPL8004366,34083992
4367,SPL8004367,34083993
4368,SPL8004368,34083994
4369,SPL8004369,34083995
4370,SPL8004370,34083996
4371,SPL8004371,34083997
4372,SPL8004372,34083998
4373,SPL8004373,34083999
4374,SPL8004374,34084000
4375,SPL8004375,34084001
4376,SPL8004376,34084002
4377,SPL8004377,34084003
4378,SPL8004378,34084004
4379,SPL8004379,34084005
4380,SPL8004380,34084006
4381,SPL8004381,34084007
4382,SPL8004382,34084008
4383,SPL8004383,34084009
4384,SPL8004384,34084010
4385,SPL8004385,34084011
4386,SPL8004386,34084012
4387,SPL8004387,34084013
4388,SPL8004388,34084014
4389,SPL8004389,34084015
4390,SPL8004390,34084016
4391,SPL8004391,34084017
4392,SPL8004392,34084018
4393,SPL8004393,34084019
4394,SPL8004394,34084020
4395,SPL8004395,34084021
4396,SPL8004396,34084022
4397,SPL8004397,34084023
4398,SPL8004398,34084024
4399,SPL8004399,34084025
4400,SPL8004400,34084026
4401,SPL8004401,34084027
4402,SPL8004402,34084028
4403,SPL8004403,34084029
4404,SPL8004404,34084062
4405,SPL8004405,34084063
4406,SPL8004406,34084064
4407,SPL8004407,34084065
4408,SPL8004408,34084066
4409,SPL8004409,34084067
4410,SPL8004410,34084068
4411,SPL8004411,34084069
4412,SPL8004412,34084070
4413,SPL8004413,34084071
4414,SPL8004414,34084072
4415,SPL8004415,34084073
4416,SPL8004416,34084074
4417,SPL8004417,34084075
4418,SPL8004418,34084076
4419,SPL8004419,34084077
4420,SPL8004420,34084078
4421,SPL8004421,34084079
4422,SPL8004422,34084080
4423,SPL8004423,34084081
4424,SPL8004424,34084082
4425,SPL8004425,34084083
4426,SPL8004426,34084084
4427,SPL8004427,34084085
4428,SPL8004428,34084086
4429,SPL8004429,34084087
4430,SPL8004430,34084088
4431,SPL8004431,34084089
4432,SPL8004432,34084090
4433,SPL8004433,34084091
4434,SPL8004434,34084092
4435,SPL8004435,34084093
4436,SPL8004436,34084094
4437,SPL8004437,34084095
4438,SPL8004438,34084096
4439,SPL8004439,34084097
4440,SPL8004440,34084098
4441,SPL8004441,34084099
4442,SPL8004442,34084100
4443,SPL8004443,34084101
4444,SPL8004444,34084102
4445,SPL8004445,34084103
4446,SPL8004446,34084104
4447,SPL8004447,34084105
4448,SPL8004448,34084106
4449,SPL8004449,34084107
4450,SPL8004450,34084108
4451,SPL8004451,34084109
4452,SPL8004452,34084110
4453,SPL8004453,34084111
4454,SPL8004454,34084112
4455,SPL8004455,34084113
4456,SPL8004456,34084114
4457,SPL8004457,34084115
4458,SPL8004458,34084116
4459,SPL8004459,34084117
4460,SPL8004460,34084118
4461,SPL8004461,34084119
4462,SPL8004462,34084120
4463,SPL8004463,34084121
4464,SPL8004464,34084122
4465,SPL8004465,34084123
4466,SPL8004466,34084124
4467,SPL8004467,34084125
4468,SPL8004468,34084126
4469,SPL8004469,34084127
4470,SPL8004470,34084128
4471,SPL8004471,34084129
4472,SPL8004472,34084130
4473,SPL8004473,34084131
4474,SPL8004474,34084132
4475,SPL8004475,34084133
4476,SPL8004476,34084134
4477,SPL8004477,34084135
4478,SPL8004478,34084136
4479,SPL8004479,34084137
4480,SPL8004480,34084138
4481,SPL8004481,34084139
4482,SPL8004482,34084140
4483,SPL8004483,34084141
4484,SPL8004484,34084142
4485,SPL8004485,34084143
4486,SPL8004486,34084144
4487,SPL8004487,34084146
4488,SPL8004488,34084147
4489,SPL8004489,34084148
4490,SPL8004490,34084149
4491,SPL8004491,34084150
4492,SPL8004492,34084151
4493,SPL8004493,34084152
4494,SPL8004494,34084153
4495,SPL8004495,34084154
4496,SPL8004496,34084155
4497,SPL8004497,34084156
4498,SPL8004498,34084157
4499,SPL8004499,34084175
4500,SPL8004500,34084176
4501,SPL8004501,34084178
4502,SPL8004502,34084179
4503,SPL8004503,34084181
4504,SPL8004504,34084182
4505,SPL8004505,34084183
4506,SPL8004506,34084184
4507,SPL8004507,34084185
4508,SPL8004508,34084186
4509,SPL8004509,34084187
4510,SPL8004510,34084188
4511,SPL8004511,34084189
4512,SPL8004512,34084190
4513,SPL8004513,34084191
4514,SPL8004514,34084192
4515,SPL8004515,34084193
4516,SPL8004516,34084194
4517,SPL8004517,34084195
4518,SPL8004518,34084196
4519,SPL8004519,34084197
4520,SPL8004520,34084198
4521,SPL8004521,34084199
4522,SPL8004522,34084200
4523,SPL8004523,34084201
4524,SPL8004524,34084202
4525,SPL8004525,34084203
4526,SPL8004526,34084204
4527,SPL8004527,34084205
4528,SPL8004528,34084206
4529,SPL8004529,34084207
4530,SPL8004530,34084208
4531,SPL8004531,34084209
4532,SPL8004532,34084210
4533,SPL8004533,34084211
4534,SPL8004534,34084212
4535,SPL8004535,34084213
4536,SPL8004536,34084216
4537,SPL8004537,34084217
4538,SPL8004538,34084234
4539,SPL8004539,34084235
4540,SPL8004540,34084236
4541,SPL8004541,34084237
4542,SPL8004542,34084238
4543,SPL8004543,34084239
4544,SPL8004544,34084240
4545,SPL8004545,34084241
4546,SPL8004546,34084242
4547,SPL8004547,34084243
4548,SPL8004548,34084244
4549,SPL8004549,34084245
4550,SPL8004550,34084246
4551,SPL8004551,34084247
4552,SPL8004552,34084248
4553,SPL8004553,34084249
4554,SPL8004554,34084250
4555,SPL8004555,34084251
4556,SPL8004556,34084252
4557,SPL8004557,34084253
4558,SPL8004558,34084254
4559,SPL8004559,34084255
4560,SPL8004560,34084256
4561,SPL8004561,34084257
4562,SPL8004562,34084258
4563,SPL8004563,34084259
4564,SPL8004564,34084260
4565,SPL8004565,34084261
4566,SPL8004566,34084262
4567,SPL8004567,34084263
4568,SPL8004568,34084264
4569,SPL8004569,34084265
4570,SPL8004570,34084266
4571,SPL8004571,34084267
4572,SPL8004572,34084268
4573,SPL8004573,34084269
4574,SPL8004574,34084270
4575,SPL8004575,34084271
4576,SPL8004576,34084272
4577,SPL8004577,34084273
4578,SPL8004578,34084274
4579,SPL8004579,34084275
4580,SPL8004580,34084276
4581,SPL8004581,34084277
4582,SPL8004582,34084278
4583,SPL8004583,34084279
4584,SPL8004584,34084280
4585,SPL8004585,34084281
4586,SPL8004586,34084282;34088377
4587,SPL8004587,34084285
4588,SPL8004588,34084292
4589,SPL8004589,34084300
4590,SPL8004590,34084301
4591,SPL8004591,34084302
4592,SPL8004592,34084303
4593,SPL8004593,34084304
4594,SPL8004594,34084305
4595,SPL8004595,34084306
4596,SPL8004596,34084307
4597,SPL8004597,34084308
4598,SPL8004598,34084309
4599,SPL8004599,34084310
4600,SPL8004600,34084311
4601,SPL8004601,34084312
4602,SPL8004602,34084313
4603,SPL8004603,34084314
4604,SPL8004604,34084315
4605,SPL8004605,34084316
4606,SPL8004606,34084317
4607,SPL8004607,34084318;34084319
4608,SPL8004608,34084320
4609,SPL8004609,34084321
4610,SPL8004610,34084322
4611,SPL8004611,34084323
4612,SPL8004612,34084324
4613,SPL8004613,34084325
4614,SPL8004614,34084327
4615,SPL8004615,34084343
4616,SPL8004616,34084349
4617,SPL8004617,34084350
4618,SPL8004618,34084351
4619,SPL8004619,34084352
4620,SPL8004620,34084353
4621,SPL8004621,34084354
4622,SPL8004622,34084355
4623,SPL8004623,34084356
4624,SPL8004624,34084357
4625,SPL8004625,34084358
4626,SPL8004626,34084359
4627,SPL8004627,34084360
4628,SPL8004628,34084361
4629,SPL8004629,34084362
4630,SPL8004630,34084363
4631,SPL8004631,34084364
4632,SPL8004632,34084365
4633,SPL8004633,34084366
4634,SPL8004634,34084367
4635,SPL8004635,34084368
4636,SPL8004636,34084369
4637,SPL8004637,34084370
4638,SPL8004638,34084371
4639,SPL8004639,34084372
4640,SPL8004640,34084373
4641,SPL8004641,34084374
4642,SPL8004642,34084375
4643,SPL8004643,34084376
4644,SPL8004644,34084377
4645,SPL8004645,34084378
4646,SPL8004646,34084379
4647,SPL8004647,34084380
4648,SPL8004648,34084381
4649,SPL8004649,34084382
4650,SPL8004650,34084383
4651,SPL8004651,34084384
4652,SPL8004652,34084385
4653,SPL8004653,34084386
4654,SPL8004654,34084387
4655,SPL8004655,34084388
4656,SPL8004656,34084389
4657,SPL8004657,34084390
4658,SPL8004658,34084391
4659,SPL8004659,34084392
4660,SPL8004660,34084393
4661,SPL8004661,34084394
4662,SPL8004662,34084395
4663,SPL8004663,34084396
4664,SPL8004664,34084397
4665,SPL8004665,34084398
4666,SPL8004666,34084399
4667,SPL8004667,34084400
4668,SPL8004668,34084401
4669,SPL8004669,34084402
4670,SPL8004670,34084403
4671,SPL8004671,34084404
4672,SPL8004672,34084405
4673,SPL8004673,34084406
4674,SPL8004674,34084407
4675,SPL8004675,34084437
4676,SPL8004676,34084475
4677,SPL8004677,34084476
4678,SPL8004678,34084626
4679,SPL8004679,34084686
4680,SPL8004680,34084704
4681,SPL8004681,34084705
4682,SPL8004682,34084706
4683,SPL8004683,34084707
4684,SPL8004684,34084708
4685,SPL8004685,34084709
4686,SPL8004686,34084710
4687,SPL8004687,34084711
4688,SPL8004688,34084742
4689,SPL8004689,34084775
4690,SPL8004690,34084805
4691,SPL8004691,34084806
4692,SPL8004692,34084807
4693,SPL8004693,34084808
4694,SPL8004694,34084854
4695,SPL8004695,34084855
4696,SPL8004696,34084856
4697,SPL8004697,34084857
4698,SPL8004698,34084859
4699,SPL8004699,34084860
4700,SPL8004700,34084861
4701,SPL8004701,34084862
4702,SPL8004702,34084863
4703,SPL8004703,34084864
4704,SPL8004704,34084865
4705,SPL8004705,34084866
4706,SPL8004706,34084867
4707,SPL8004707,34084868
4708,SPL8004708,34084870
4709,SPL8004709,34084871
4710,SPL8004710,34084872
4711,SPL8004711,34084873
4712,SPL8004712,34084874
4713,SPL8004713,34084875
4714,SPL8004714,34084876
4715,SPL8004715,34084877
4716,SPL8004716,34084878
4717,SPL8004717,34084879
4718,SPL8004718,34084880
4719,SPL8004719,34084881
4720,SPL8004720,34084882
4721,SPL8004721,34084888;34088071
4722,SPL8004722,34084889
4723,SPL8004723,34084890
4724,SPL8004724,34084891
4725,SPL8004725,34084892
4726,SPL8004726,34084893
4727,SPL8004727,34084894
4728,SPL8004728,34084895
4729,SPL8004729,34084896
4730,SPL8004730,34084897;38067396
4731,SPL8004731,34084898
4732,SPL8004732,34084899
4733,SPL8004733,34084900
4734,SPL8004734,34084901
4735,SPL8004735,34084902
4736,SPL8004736,34084903
4737,SPL8004737,34084904
4738,SPL8004738,34084905
4739,SPL8004739,34084906
4740,SPL8004740,34084907
4741,SPL8004741,34084908
4742,SPL8004742,34084909
4743,SPL8004743,34084910
4744,SPL8004744,34084911
4745,SPL8004745,34084912
4746,SPL8004746,34084913;34088352
4747,SPL8004747,34084914
4748,SPL8004748,34084915
4749,SPL8004749,34084916
4750,SPL8004750,34084917
4751,SPL8004751,34084918
4752,SPL8004752,34084919
4753,SPL8004753,34084920
4754,SPL8004754,34084921
4755,SPL8004755,34084922
4756,SPL8004756,34084923
4757,SPL8004757,34084924
4758,SPL8004758,34084925
4759,SPL8004759,34084926
4760,SPL8004760,34084927
4761,SPL8004761,34084928
4762,SPL8004762,34084929
4763,SPL8004763,34084930
4764,SPL8004764,34084931
4765,SPL8004765,34084932
4766,SPL8004766,34084933
4767,SPL8004767,34084934
4768,SPL8004768,34084935
4769,SPL8004769,34084936
4770,SPL8004770,34084937
4771,SPL8004771,34084938
4772,SPL8004772,34084939
4773,SPL8004773,34084940
4774,SPL8004774,34084941
4775,SPL8004775,34084942
4776,SPL8004776,34084943
4777,SPL8004777,34084944
4778,SPL8004778,34084945
4779,SPL8004779,34084946
4780,SPL8004780,34084986
4781,SPL8004781,34084987
4782,SPL8004782,34084988
4783,SPL8004783,34084989
4784,SPL8004784,34084990
4785,SPL8004785,34084991
4786,SPL8004786,34084992
4787,SPL8004787,34084993
4788,SPL8004788,34084994
4789,SPL8004789,34084996
4790,SPL8004790,34084997
4791,SPL8004791,34084998
4792,SPL8004792,34085001
4793,SPL8004793,34085011
4794,SPL8004794,34085012
4795,SPL8004795,34085045
4796,SPL8004796,34085047
4797,SPL8004797,34085048
4798,SPL8004798,34085049
4799,SPL8004799,34085146
4800,SPL8004800,34085153
4801,SPL8004801,34085282
4802,SPL8004802,34085283
4803,SPL8004803,34085284
4804,SPL8004804,34085285
4805,SPL8004805,34085286
4806,SPL8004806,34085287
4807,SPL8004807,34085288
4808,SPL8004808,34085289
4809,SPL8004809,34085290
4810,SPL8004810,34085291
4811,SPL8004811,34085292
4812,SPL8004812,34085293
4813,SPL8004813,34085294
4814,SPL8004814,34085295
4815,SPL8004815,34085296;38059799;38062216
4816,SPL8004816,34085299
4817,SPL8004817,34085300;38060080
4818,SPL8004818,34085301
4819,SPL8004819,34085302
4820,SPL8004820,34085303
4821,SPL8004821,34085304
4822,SPL8004822,34085305
4823,SPL8004823,34085306
4824,SPL8004824,34085307
4825,SPL8004825,34085308
4826,SPL8004826,34085309
4827,SPL8004827,34085310
4828,SPL8004828,34085311
4829,SPL8004829,34085312
4830,SPL8004830,34085313
4831,SPL8004831,34085314
4832,SPL8004832,34085315
4833,SPL8004833,34085323
4834,SPL8004834,34085324
4835,SPL8004835,34085325
4836,SPL8004836,34085374
4837,SPL8004837,34085375
4838,SPL8004838,34085381
4839,SPL8004839,34085382
4840,SPL8004840,34085388
4841,SPL8004841,34085389
4842,SPL8004842,34085448
4843,SPL8004843,34085449
4844,SPL8004844,34085450
4845,SPL8004845,34085451
4846,SPL8004846,34085453
4847,SPL8004847,34085571
4848,SPL8004848,34085584;38066183
4849,SPL8004849,34085585
4850,SPL8004850,34085615
4851,SPL8004851,34085616
4852,SPL8004852,34085667
4853,SPL8004853,34085668
4854,SPL8004854,34085670
4855,SPL8004855,34085713
4856,SPL8004856,34085714
4857,SPL8004857,34085893
4858,SPL8004858,34085894
4859,SPL8004859,34085895
4860,SPL8004860,34085896
4861,SPL8004861,34085910
4862,SPL8004862,34086072;34086333
4863,SPL8004863,34086073
4864,SPL8004864,34086285
4865,SPL8004865,34086326
4866,SPL8004866,34086330;38062373
4867,SPL8004867,34086368
4868,SPL8004868,34086505
4869,SPL8004869,34086590
4870,SPL8004870,34086594
4871,SPL8004871,34086597
4872,SPL8004872,34086601
4873,SPL8004873,34086603
4874,SPL8004874,34086978;38041827
4875,SPL8004875,34087167
4876,SPL8004876,34087168
4877,SPL8004877,34087697
4878,SPL8004878,34087810
4879,SPL8004879,34087864
4880,SPL8004880,34087865
4881,SPL8004881,34087866
4882,SPL8004882,34087930
4883,SPL8004883,34088088
4884,SPL8004884,34088330
4885,SPL8004885,34088331
4886,SPL8004886,38004764
4887,SPL8004887,38004765
4888,SPL8004888,38006599;38036991
4889,SPL8004889,38006679
4890,SPL8004890,38006752
4891,SPL8004891,38007549
4892,SPL8004892,38008395;38064453
4893,SPL8004893,38008396
4894,SPL8004894,38008397;38064451
4895,SPL8004895,38008398;38064454
4896,SPL8004896,38008399
4897,SPL8004897,38008802
4898,SPL8004898,38008803
4899,SPL8004899,38008804
4900,SPL8004900,38008805
4901,SPL8004901,38009504;38016192;38062837
4902,SPL8004902,38009661
4903,SPL8004903,38009818
4904,SPL8004904,38009846
4905,SPL8004905,38009863
4906,SPL8004906,38010020
4907,SPL8004907,38010062;38063632
4908,SPL8004908,38010067;38048042;38061810;38063319
4909,SPL8004909,38010068;38061210;38064065
4910,SPL8004910,38010091
4911,SPL8004911,38010107;38063569
4912,SPL8004912,38010131
4913,SPL8004913,38010293
4914,SPL8004914,38010460
4915,SPL8004915,38010587
4916,SPL8004916,38010588
4917,SPL8004917,38010668
4918,SPL8004918,38011082;38016600;38041668
4919,SPL8004919,38011086;38063051
4920,SPL8004920,38011967
4921,SPL8004921,38012621
4922,SPL8004922,38012679
4923,SPL8004923,38012680
4924,SPL8004924,38012683
4925,SPL8004925,38013252
4926,SPL8004926,38015584
4927,SPL8004927,38016155
4928,SPL8004928,38016320
4929,SPL8004929,38016388
4930,SPL8004930,38016519
4931,SPL8004931,38016663
4932,SPL8004932,38016685;38062838
4933,SPL8004933,38016686;38064141
4934,SPL8004934,38016687;38059794;38064142
4935,SPL8004935,38016688;38064144
4936,SPL8004936,38016689
4937,SPL8004937,38016692
4938,SPL8004938,38016964
4939,SPL8004939,38016965
4940,SPL8004940,38017030
4941,SPL8004941,38017111
4942,SPL8004942,38017121
4943,SPL8004943,38017122
4944,SPL8004944,38017123
4945,SPL8004945,38017124
4946,SPL8004946,38017125
4947,SPL8004947,38017126
4948,SPL8004948,38017127
4949,SPL8004949,38017128
4950,SPL8004950,38017129
4951,SPL8004951,38017130
4952,SPL8004952,38017131
4953,SPL8004953,38017132
4954,SPL8004954,38017133
4955,SPL8004955,38017134
4956,SPL8004956,38017135
4957,SPL8004957,38017136
4958,SPL8004958,38017137
4959,SPL8004959,38017138
4960,SPL8004960,38017139
4961,SPL8004961,38017140
4962,SPL8004962,38017162;38019815;38040203;38042371;38049181;38049183;38062642;38063070
4963,SPL8004963,38017597
4964,SPL8004964,38017598;38064148
4965,SPL8004965,38017599;38064146
4966,SPL8004966,38017600;38064147
4967,SPL8004967,38017601;38064143
4968,SPL8004968,38017602;38064152
4969,SPL8004969,38017603;38064149
4970,SPL8004970,38017604;38064151
4971,SPL8004971,38017605;38064150
4972,SPL8004972,38017606;38064153
4973,SPL8004973,38017979
4974,SPL8004974,38018083
4975,SPL8004975,38018344
4976,SPL8004976,38018395
4977,SPL8004977,38018411
4978,SPL8004978,38018422
4979,SPL8004979,38018424
4980,SPL8004980,38018448;38037743;38063205;38063760
4981,SPL8004981,38018451;38063480
4982,SPL8004982,38018452;38063481
4983,SPL8004983,38018642;38063578
4984,SPL8004984,38018652
4985,SPL8004985,38018657
4986,SPL8004986,38018658;38064145
4987,SPL8004987,38018808
4988,SPL8004988,38018810
4989,SPL8004989,38018812
4990,SPL8004990,38018831
4991,SPL8004991,38018835;38062832
4992,SPL8004992,38018877
4993,SPL8004993,38018914
4994,SPL8004994,38018968
4995,SPL8004995,38019294
4996,SPL8004996,38019370;38063570
4997,SPL8004997,38019371
4998,SPL8004998,38019532;38062854
4999,SPL8004999,38019533;38062855
5000,SPL8005000,38019534;38062856
5001,SPL8005001,38019620
5002,SPL8005002,38019626;38037767
5003,SPL8005003,38019652
5004,SPL8005004,38019655
5005,SPL8005005,38019660
5006,SPL8005006,38019662
5007,SPL8005007,38019733;38065825
5008,SPL8005008,38019752
5009,SPL8005009,38019758;38062826
5010,SPL8005010,38019768;38024216;38039662
5011,SPL8005011,38019769;38059114
5012,SPL8005012,38019770;38059113
5013,SPL8005013,38019774;38062828
5014,SPL8005014,38019775
5015,SPL8005015,38019776
5016,SPL8005016,38019812
5017,SPL8005017,38019887
5018,SPL8005018,38019893
5019,SPL8005019,38019899
5020,SPL8005020,38019905
5021,SPL8005021,38019908
5022,SPL8005022,38044395
5023,SPL8005023,38020100
5024,SPL8005024,38020107;38064450
5025,SPL8005025,38020254
5026,SPL8005026,38020341
5027,SPL8005027,38020590
5028,SPL8005028,38020660;38062827
5029,SPL8005029,38020813;38040840;38046364;38059339
5030,SPL8005030,38020900
5031,SPL8005031,38022526
5032,SPL8005032,38023074
5033,SPL8005033,38023103;38064036
5034,SPL8005034,38023149;38064037
5035,SPL8005035,38023161
5036,SPL8005036,38023164
5037,SPL8005037,38024202
5038,SPL8005038,38024203
5039,SPL8005039,38024212
5040,SPL8005040,38024219;38064033
5041,SPL8005041,38024220
5042,SPL8005042,38024224
5043,SPL8005043,38024225
5044,SPL8005044,38024226
5045,SPL8005045,38024227
5046,SPL8005046,38024228;38064034
5047,SPL8005047,38024425
5048,SPL8005048,38024430
5049,SPL8005049,38024431
5050,SPL8005050,38024434
5051,SPL8005051,38024435
5052,SPL8005052,38024438;38065082
5053,SPL8005053,38024439;38065083
5054,SPL8005054,38024654
5055,SPL8005055,38024655
5056,SPL8005056,38024661
5057,SPL8005057,38024986
5058,SPL8005058,38024987
5059,SPL8005059,38024988
5060,SPL8005060,38025021
5061,SPL8005061,38025022;38045510;38063206;38063397
5062,SPL8005062,38025029;38066041
5063,SPL8005063,38025030
5064,SPL8005064,34028564;38010756;38016570;38019881;38025032;38025034;38025035;38037765;38037766;38039473;38043014
5065,SPL8005065,38025033
5066,SPL8005066,38034600;38045829;38045839;38047990;38049282;38058816;38061936
5067,SPL8005067,38034730;38063735
5068,SPL8005068,38034731;38065002
5069,SPL8005069,38034732;38061774;38063728
5070,SPL8005070,38034758
5071,SPL8005071,38034837
5072,SPL8005072,38034968
5073,SPL8005073,38034969
5074,SPL8005074,38035175;38048046;38064016
5075,SPL8005075,38035275
5076,SPL8005076,38035488
5077,SPL8005077,38035520
5078,SPL8005078,38035521
5079,SPL8005079,38035523
5080,SPL8005080,38035525;38063335
5081,SPL8005081,38035526;38061211;38064064
5082,SPL8005082,38036755
5083,SPL8005083,38036756
5084,SPL8005084,38036765;38063204;38063761
5085,SPL8005085,38037032
5086,SPL8005086,38037038
5087,SPL8005087,38037046
5088,SPL8005088,38037341
5089,SPL8005089,38037365
5090,SPL8005090,38037366
5091,SPL8005091,38037373
5092,SPL8005092,38037374
5093,SPL8005093,38037383
5094,SPL8005094,38037384
5095,SPL8005095,38037385
5096,SPL8005096,38037386
5097,SPL8005097,38037387
5098,SPL8005098,38037389
5099,SPL8005099,38037390;38062455;38064029
5100,SPL8005100,38037392;38064018
5101,SPL8005101,38037410
5102,SPL8005102,38037417
5103,SPL8005103,38037681;38049508;38049509
5104,SPL8005104,38037682
5105,SPL8005105,38037683
5106,SPL8005106,38037684
5107,SPL8005107,38037685;38063395
5108,SPL8005108,38037686;38063396
5109,SPL8005109,38037687;38063203
5110,SPL8005110,38037688;38063190;38067471
5111,SPL8005111,38037689;38063189
5112,SPL8005112,38037690;38063191;38067472
5113,SPL8005113,38037691;38063192
5114,SPL8005114,38037692;38063199
5115,SPL8005115,38037693
5116,SPL8005116,38037699;38063398
5117,SPL8005117,38037700;38062278;38063401
5118,SPL8005118,38037701;38063187
5119,SPL8005119,38037702
5120,SPL8005120,38037703;38063194
5121,SPL8005121,38037705;38063195
5122,SPL8005122,38037706;38063196
5123,SPL8005123,38037707;38063197
5124,SPL8005124,38037708
5125,SPL8005125,38037709
5126,SPL8005126,38037710
5127,SPL8005127,38037711;38044568
5128,SPL8005128,38037712
5129,SPL8005129,38037713;38063389
5130,SPL8005130,38037715
5131,SPL8005131,38037716;38048278
5132,SPL8005132,38037717;38063463
5133,SPL8005133,38037718
5134,SPL8005134,38037719
5135,SPL8005135,38037721
5136,SPL8005136,38037722
5137,SPL8005137,38037723
5138,SPL8005138,38037724;38063466
5139,SPL8005139,38037725;38063465
5140,SPL8005140,38037726
5141,SPL8005141,38037727;38063467
5142,SPL8005142,38037728;38063468
5143,SPL8005143,38037730;38063217
5144,SPL8005144,38037731;38063216
5145,SPL8005145,38037732
5146,SPL8005146,38037733;38063186
5147,SPL8005147,38037734;38063393
5148,SPL8005148,38037735;38063215
5149,SPL8005149,38037736;38063214
5150,SPL8005150,38037737;38062559;38063209
5151,SPL8005151,38037738
5152,SPL8005152,38037739;38063210
5153,SPL8005153,38037740;38063211
5154,SPL8005154,38037741;38063212
5155,SPL8005155,38037742;38063202
5156,SPL8005156,38037744;38044022;38049074;38049256;38049463;38049469;38065466;38065646
5157,SPL8005157,38037746;38044024;38049075;38049258
5158,SPL8005158,38037747
5159,SPL8005159,38037748
5160,SPL8005160,38037749;38042345;38049490;38049492;38059237
5161,SPL8005161,38037753;38042058;38044032;38044036;38045783;38047252
5162,SPL8005162,38037754;38044040;38047975;38049502
5163,SPL8005163,38037755;38044038
5164,SPL8005164,38037756;38044037;38044039;38045870;38047254;38049523;38049524;38060091;38061287;38063433;38063444
5165,SPL8005165,38037757;38042344;38045072;38047603;38049347;38049528;38061806;38062003;38063434;38063446;38065126;38065142;38066353;38066423
5166,SPL8005166,38037759;38044026;38049078;38049262;38049476;38049480;38065467;38065647
5167,SPL8005167,38037760;38044027
5168,SPL8005168,38037764
5169,SPL8005170,38037768;38044460;38048271;38062914
5170,SPL8005171,38037773;38042158;38044591;38049200;38062852
5171,SPL8005172,38037776
5172,SPL8005173,38037777
5173,SPL8005174,38037778
5174,SPL8005175,38037779
5175,SPL8005176,38037784
5176,SPL8005177,38037785;38049595;38062925;38064448;38066706
5177,SPL8005178,38037786
5178,SPL8005179,38037788;38049594;38062924;38064447;38066705
5179,SPL8005180,38037789
5180,SPL8005181,38037790;38046518;38049593;38062923;38064446
5181,SPL8005182,38037797
5182,SPL8005183,38037799
5183,SPL8005184,38037800
5184,SPL8005185,38037802
5185,SPL8005186,38037805
5186,SPL8005187,38037806
5187,SPL8005188,38037807
5188,SPL8005189,38037808
5189,SPL8005190,38037809
5190,SPL8005191,38037810
5191,SPL8005192,38037812
5192,SPL8005193,38037813
5193,SPL8005194,38037814
5194,SPL8005195,38037819;38042034;38046133;38046412
5195,SPL8005196,38037820
5196,SPL8005197,38037821
5197,SPL8005198,38037822
5198,SPL8005199,38037823
5199,SPL8005200,38037824
5200,SPL8005201,38037834
5201,SPL8005202,38037942;38045836;38048534
5202,SPL8005203,38038314;38040586;38063058
5203,SPL8005204,38038315;38040585
5204,SPL8005205,38038317
5205,SPL8005206,38038319
5206,SPL8005207,38038344
5207,SPL8005208,38038364
5208,SPL8005209,38038371
5209,SPL8005210,38038372;38038453
5210,SPL8005211,38038401
5211,SPL8005212,38038410
5212,SPL8005213,38038413;38042143
5213,SPL8005214,38038415
5214,SPL8005215,38038418
5215,SPL8005216,38038419;38039308
5216,SPL8005217,38038420
5217,SPL8005218,38038421
5218,SPL8005219,38038435;38040853
5219,SPL8005220,38038437
5220,SPL8005221,38038438
5221,SPL8005222,38038439
5222,SPL8005223,38038440
5223,SPL8005224,38038441
5224,SPL8005225,38038442
5225,SPL8005226,38038443
5226,SPL8005227,38038445
5227,SPL8005228,38038446
5228,SPL8005229,38038447
5229,SPL8005230,38038448
5230,SPL8005231,38038449
5231,SPL8005232,38038456
5232,SPL8005233,38038472
5233,SPL8005234,38038474
5234,SPL8005235,38038475
5235,SPL8005236,38038476
5236,SPL8005237,38038477
5237,SPL8005238,38038478
5238,SPL8005239,38038481;38040645
5239,SPL8005240,38039073;38039080
5240,SPL8005241,38039095
5241,SPL8005242,38039112
5242,SPL8005243,38039125
5243,SPL8005244,38039130
5244,SPL8005245,38039131
5245,SPL8005246,38039142;38045684
5246,SPL8005247,38039143
5247,SPL8005248,38039144
5248,SPL8005249,38039145;38048444
5249,SPL8005250,38039146
5250,SPL8005251,38039147
5251,SPL8005252,38039148
5252,SPL8005253,38039149
5253,SPL8005254,38039156
5254,SPL8005255,38039157
5255,SPL8005256,38039158
5256,SPL8005257,38039159
5257,SPL8005258,38039160
5258,SPL8005259,38039161
5259,SPL8005260,38039162
5260,SPL8005261,38039163
5261,SPL8005262,38039164
5262,SPL8005263,38039165
5263,SPL8005264,38039166
5264,SPL8005265,38039167
5265,SPL8005266,38039168
5266,SPL8005267,38039169
5267,SPL8005268,38039170
5268,SPL8005269,38039171
5269,SPL8005270,38039172
5270,SPL8005271,38039173
5271,SPL8005272,38039174
5272,SPL8005273,38039175
5273,SPL8005274,38039176
5274,SPL8005275,38039177
5275,SPL8005276,38039178
5276,SPL8005277,38039179
5277,SPL8005278,38039180
5278,SPL8005279,38039181
5279,SPL8005280,38039182
5280,SPL8005281,38039183
5281,SPL8005282,38039184
5282,SPL8005283,38039185
5283,SPL8005284,38039186
5284,SPL8005285,38039187
5285,SPL8005286,38039188
5286,SPL8005287,38039189
5287,SPL8005288,38039190
5288,SPL8005289,38039191
5289,SPL8005290,38039192
5290,SPL8005291,38039193
5291,SPL8005292,38039194
5292,SPL8005293,38039195
5293,SPL8005294,38039196
5294,SPL8005295,38039197
5295,SPL8005296,38039198
5296,SPL8005297,38039199
5297,SPL8005298,38039282
5298,SPL8005299,38039283
5299,SPL8005300,38039294
5300,SPL8005301,38039296
5301,SPL8005302,38039297;38040109
5302,SPL8005303,38039304
5303,SPL8005304,38039305
5304,SPL8005305,38039307
5305,SPL8005306,38039309
5306,SPL8005307,38039310
5307,SPL8005308,38039311
5308,SPL8005309,38039312
5309,SPL8005310,38039314
5310,SPL8005311,38039337
5311,SPL8005312,38039341
5312,SPL8005313,38039371
5313,SPL8005314,38039372
5314,SPL8005315,38039373
5315,SPL8005316,38039374
5316,SPL8005317,38039375
5317,SPL8005318,38039376
5318,SPL8005319,38039377
5319,SPL8005320,38039378
5320,SPL8005321,38039379
5321,SPL8005322,38039380
5322,SPL8005323,38039381
5323,SPL8005324,38039382
5324,SPL8005325,38039383
5325,SPL8005326,38039384
5326,SPL8005327,38039385
5327,SPL8005328,38039386
5328,SPL8005329,38039387
5329,SPL8005330,38039388
5330,SPL8005331,38039389
5331,SPL8005332,38039390
5332,SPL8005333,38039391
5333,SPL8005334,38039392
5334,SPL8005335,38039393
5335,SPL8005336,38039394
5336,SPL8005337,38039395
5337,SPL8005338,38039396
5338,SPL8005339,38039397
5339,SPL8005340,38039398
5340,SPL8005341,38039399
5341,SPL8005342,38039400
5342,SPL8005343,38039401
5343,SPL8005344,38039402
5344,SPL8005345,38039403
5345,SPL8005346,38039404
5346,SPL8005347,38039405
5347,SPL8005348,38039406
5348,SPL8005349,38039407
5349,SPL8005350,38039408
5350,SPL8005351,38039409
5351,SPL8005352,38039410
5352,SPL8005353,38039411
5353,SPL8005354,38039412
5354,SPL8005355,38039413
5355,SPL8005356,38039414
5356,SPL8005357,38039415
5357,SPL8005358,38039454
5358,SPL8005359,38039486;38064411
5359,SPL8005360,38039491
5360,SPL8005361,38039493
5361,SPL8005362,38039658
5362,SPL8005363,38039659
5363,SPL8005364,38039668
5364,SPL8005365,38039683;38048422;38058823;38063377
5365,SPL8005366,38039684;38048420;38058824;38063378
5366,SPL8005367,38039686;38048421;38058822;38063376
5367,SPL8005368,38039687;38040435
5368,SPL8005369,38039718
5369,SPL8005370,38039719
5370,SPL8005371,38039720
5371,SPL8005372,38039721;38041787
5372,SPL8005373,38039724
5373,SPL8005374,38039725
5374,SPL8005375,38039729
5375,SPL8005376,38039730
5376,SPL8005377,38039734
5377,SPL8005378,38039735
5378,SPL8005379,38039736
5379,SPL8005380,38039737
5380,SPL8005381,38039738
5381,SPL8005382,38039739
5382,SPL8005383,38039744
5383,SPL8005384,38039745
5384,SPL8005385,38039747
5385,SPL8005386,38039748
5386,SPL8005387,38039749
5387,SPL8005388,38039751
5388,SPL8005389,38039752
5389,SPL8005390,38039763
5390,SPL8005391,38039893
5391,SPL8005392,38039897
5392,SPL8005393,38039911
5393,SPL8005394,38039913
5394,SPL8005395,38039916
5395,SPL8005396,38039917;38039918
5396,SPL8005397,38039919
5397,SPL8005398,38039920
5398,SPL8005399,38039921;38040061
5399,SPL8005400,38039974
5400,SPL8005401,38039978
5401,SPL8005402,38039979
5402,SPL8005403,38039982
5403,SPL8005404,38039986
5404,SPL8005405,38039987
5405,SPL8005406,38040004
5406,SPL8005407,38040005
5407,SPL8005408,38040022
5408,SPL8005409,38040023
5409,SPL8005410,38040035
5410,SPL8005411,38040046
5411,SPL8005412,38040048
5412,SPL8005413,38040049
5413,SPL8005414,38040060
5414,SPL8005415,38040072
5415,SPL8005416,38040076
5416,SPL8005417,38040079
5417,SPL8005418,38040094
5418,SPL8005419,38040095
5419,SPL8005420,38040096
5420,SPL8005421,38040097
5421,SPL8005422,38040098
5422,SPL8005423,38040099
5423,SPL8005424,38040100
5424,SPL8005425,38040101
5425,SPL8005426,38040102
5426,SPL8005427,38040103
5427,SPL8005428,38040104
5428,SPL8005429,38040105
5429,SPL8005430,38040106
5430,SPL8005431,38040107
5431,SPL8005432,38040108
5432,SPL8005433,38040110
5433,SPL8005434,38040111
5434,SPL8005435,38040112
5435,SPL8005436,38040113
5436,SPL8005437,38040114
5437,SPL8005438,38040115
5438,SPL8005439,38040121
5439,SPL8005440,38040122
5440,SPL8005441,38040124;38047481
5441,SPL8005442,38040126
5442,SPL8005443,38040137
5443,SPL8005444,38040142
5444,SPL8005445,38040236
5445,SPL8005446,38040237
5446,SPL8005447,38040419
5447,SPL8005448,38040449
5448,SPL8005449,38040455;38049207
5449,SPL8005450,38040456;38048058
5450,SPL8005451,38040465
5451,SPL8005452,38040485
5452,SPL8005453,38040488
5453,SPL8005454,38040493;38047352
5454,SPL8005455,38040495;38046455;38048450
5455,SPL8005456,38040515;38046421
5456,SPL8005457,38040518;38046456;38059870
5457,SPL8005458,38040530;38060264
5458,SPL8005459,38040532
5459,SPL8005460,38040535
5460,SPL8005461,38040540
5461,SPL8005462,38040541;38049185
5462,SPL8005463,38040542
5463,SPL8005464,38040556
5464,SPL8005465,38040572
5465,SPL8005466,38040584;38062820;38066095
5466,SPL8005467,38040587
5467,SPL8005468,38040593
5468,SPL8005469,38040598
5469,SPL8005470,38040621
5470,SPL8005471,38040622
5471,SPL8005472,38040623
5472,SPL8005473,38040627
5473,SPL8005474,38040629
5474,SPL8005475,38040631
5475,SPL8005476,38040632;38063059
5476,SPL8005477,38040633
5477,SPL8005478,38040634
5478,SPL8005479,38040635
5479,SPL8005480,38040636
5480,SPL8005481,38040640;38060095
5481,SPL8005482,38040813;38063982
5482,SPL8005483,38040814;38063983
5483,SPL8005484,38040825;38045936;38064452
5484,SPL8005485,38040826
5485,SPL8005486,38040827;38047583;38049085;38063261;38063262
5486,SPL8005487,38040829;38047584;38049086;38063263;38063264
5487,SPL8005488,38040830;38063213
5488,SPL8005489,38040839;38041600;38042065
5489,SPL8005490,38040852
5490,SPL8005491,38040866
5491,SPL8005492,38040868
5492,SPL8005493,38040869
5493,SPL8005494,38040870
5494,SPL8005495,38040907;38046715
5495,SPL8005496,38040908;38046716
5496,SPL8005497,38040909;38046717
5497,SPL8005498,38040912
5498,SPL8005499,38040913
5499,SPL8005500,38040918;38064086
5500,SPL8005501,38040919;38064087
5501,SPL8005502,38040920;38064089
5502,SPL8005503,38040921;38064088
5503,SPL8005504,38040922;38064090
5504,SPL8005505,38040924;38063345
5505,SPL8005506,38040925;38063350;38064856
5506,SPL8005507,38040926;38065805
5507,SPL8005508,38040927;38063717;38064019
5508,SPL8005509,38040928;38064021
5509,SPL8005510,38040929;38063346
5510,SPL8005511,38040930;38064020
5511,SPL8005512,38040931;38064022
5512,SPL8005513,38040932;38063347
5513,SPL8005514,38040933;38064085
5514,SPL8005515,38040934
5515,SPL8005516,38040936
5516,SPL8005517,38040991;38062839
5517,SPL8005518,38040992
5518,SPL8005519,38040997
5519,SPL8005520,38041002;38044577;38063705
5520,SPL8005521,38041189
5521,SPL8005522,38041205
5522,SPL8005523,38041206
5523,SPL8005524,38041214
5524,SPL8005525,38041237
5525,SPL8005526,38041264
5526,SPL8005527,38041266;38063575;84003355
5527,SPL8005528,38041267
5528,SPL8005529,38041270;38049629
5529,SPL8005530,38041276
5530,SPL8005531,38041278
5531,SPL8005532,38041281;38042234
5532,SPL8005533,38041282
5533,SPL8005534,38041283;38065559
5534,SPL8005535,38041286
5535,SPL8005536,38041287;38042175
5536,SPL8005537,38041584
5537,SPL8005538,38041601
5538,SPL8005539,38041606
5539,SPL8005540,38041607
5540,SPL8005541,38041608
5541,SPL8005542,38041609
5542,SPL8005543,38041610
5543,SPL8005544,38041617;38046427;38062603
5544,SPL8005545,38041620
5545,SPL8005546,38041625
5546,SPL8005547,38041641
5547,SPL8005548,38041648
5548,SPL8005549,38041650
5549,SPL8005550,38041651
5550,SPL8005551,38041654
5551,SPL8005552,38041655
5552,SPL8005553,38041656
5553,SPL8005554,38041657
5554,SPL8005555,38041658
5555,SPL8005556,38041663
5556,SPL8005557,38041665
5557,SPL8005558,38041669;38062659;38062876;38062970
5558,SPL8005559,38041670
5559,SPL8005560,38041671;38061818;38062877;38062971
5560,SPL8005561,38041676;38041677
5561,SPL8005562,38041693
5562,SPL8005563,38041697
5563,SPL8005564,38041698
5564,SPL8005565,38041699
5565,SPL8005566,38041700
5566,SPL8005567,38041703
5567,SPL8005568,38041716
5568,SPL8005569,38041719
5569,SPL8005570,38041720;38058825;38061819;38062873;38062972;38063368;38066387
5570,SPL8005571,38041721;38041722;38058827;38061820;38062874;38062973;38063369
5571,SPL8005572,38041723
5572,SPL8005573,38041724
5573,SPL8005574,38041725
5574,SPL8005575,38041726
5575,SPL8005576,38041727
5576,SPL8005577,38041729
5577,SPL8005578,38041730
5578,SPL8005579,38041731
5579,SPL8005580,38041732
5580,SPL8005581,38041733
5581,SPL8005582,38041734
5582,SPL8005583,38041735
5583,SPL8005584,38041737;38042217;38044450;38044942
5584,SPL8005585,38041738;38042218;38044451
5585,SPL8005586,38041740
5586,SPL8005587,38041750
5587,SPL8005588,38041753
5588,SPL8005589,38041754
5589,SPL8005590,38041755
5590,SPL8005591,38041756
5591,SPL8005592,38041757
5592,SPL8005593,38041758
5593,SPL8005594,38041759
5594,SPL8005595,38041761;38048417
5595,SPL8005596,38041763;38048418
5596,SPL8005597,38041764;38048419
5597,SPL8005598,38041788;38064855
5598,SPL8005599,38041825;38042365
5599,SPL8005600,38041826
5600,SPL8005601,38041828
5601,SPL8005602,38041829
5602,SPL8005603,38041830
5603,SPL8005604,38041831
5604,SPL8005605,38041832
5605,SPL8005606,38041833
5606,SPL8005607,38041834
5607,SPL8005608,38041836
5608,SPL8005609,38041837
5609,SPL8005610,38041838
5610,SPL8005611,38041839
5611,SPL8005612,38041840
5612,SPL8005613,38041841
5613,SPL8005614,38041842
5614,SPL8005615,38041843
5615,SPL8005616,38041845
5616,SPL8005617,38041846
5617,SPL8005618,38041847
5618,SPL8005619,38041848
5619,SPL8005620,38041849
5620,SPL8005621,38041850
5621,SPL8005622,38041851
5622,SPL8005623,38041852
5623,SPL8005624,38041853
5624,SPL8005625,38041854
5625,SPL8005626,38041882
5626,SPL8005627,38041883
5627,SPL8005628,38041884;38065063
5628,SPL8005629,38041885
5629,SPL8005630,38041886
5630,SPL8005631,38041887;38065064
5631,SPL8005632,38041888
5632,SPL8005633,38041889
5633,SPL8005634,38041890
5634,SPL8005635,38041891
5635,SPL8005636,38041892
5636,SPL8005637,38041893
5637,SPL8005638,38041994
5638,SPL8005639,38041997
5639,SPL8005640,38041998
5640,SPL8005641,38042002
5641,SPL8005642,38042003
5642,SPL8005643,38042004
5643,SPL8005644,38042006
5644,SPL8005645,38042012
5645,SPL8005646,38042018
5646,SPL8005647,38042028
5647,SPL8005648,38042029
5648,SPL8005649,38042030
5649,SPL8005650,38042032;38060467
5650,SPL8005651,38042035
5651,SPL8005652,38042036
5652,SPL8005653,38042037
5653,SPL8005654,38042059;38063063
5654,SPL8005655,38042061;38046438;38048491
5655,SPL8005656,38042062
5656,SPL8005657,38042063
5657,SPL8005658,38042071;38063718;38064023
5658,SPL8005659,38042072
5659,SPL8005660,38042144;38063039
5660,SPL8005661,38042149
5661,SPL8005662,38042161
5662,SPL8005663,38042164;38063040
5663,SPL8005664,38042177;38062821
5664,SPL8005665,38042178
5665,SPL8005666,38042210
5666,SPL8005667,38042221
5667,SPL8005668,38042222
5668,SPL8005669,38042223
5669,SPL8005670,38042232
5670,SPL8005671,38042233
5671,SPL8005672,38042254
5672,SPL8005673,38042263
5673,SPL8005674,38042282
5674,SPL8005675,38042304
5675,SPL8005676,38042305
5676,SPL8005677,38042306
5677,SPL8005678,38042308
5678,SPL8005679,38042309;38046080;38048845;38062835
5679,SPL8005680,38042310;38062836
5680,SPL8005681,38042326;38063706
5681,SPL8005682,38042337
5682,SPL8005683,38042339
5683,SPL8005684,38042342;38045069;38047598;38049340
5684,SPL8005685,38042343;38045068;38047597;38049339;38049514;38061801;38061999;38063412;38063422;38065136;38065151;38066402;38066418
5685,SPL8005686,38042346;38042348;38049491;38049493;38059238;38063439;38063442
5686,SPL8005687,38042347
5687,SPL8005688,38042349;38042350
5688,SPL8005689,38042355;38042358;38044564;38044565;38045777;38047508
5689,SPL8005690,38042359;38046241;38049265;38049474;38049488;38059263;38062273;38063424;38063428;38063693;38065648
5690,SPL8005691,38042363
5691,SPL8005692,38042368;38063620
5692,SPL8005693,38042369
5693,SPL8005694,38042370
5694,SPL8005695,38042402
5695,SPL8005696,38042403
5696,SPL8005697,38042404
5697,SPL8005698,38042405
5698,SPL8005699,38042406
5699,SPL8005700,38042407
5700,SPL8005701,38042408
5701,SPL8005702,38042409
5702,SPL8005703,38042410
5703,SPL8005704,38042411
5704,SPL8005705,38042412;38046680;38046682
5705,SPL8005706,38042413
5706,SPL8005707,38042415
5707,SPL8005708,38042434
5708,SPL8005709,38042435
5709,SPL8005710,38042436
5710,SPL8005711,38042437
5711,SPL8005712,38042439
5712,SPL8005713,38042441
5713,SPL8005714,38042442
5714,SPL8005715,38042443
5715,SPL8005716,38042444
5716,SPL8005717,38042445
5717,SPL8005718,38042446
5718,SPL8005719,38042447
5719,SPL8005720,38042448
5720,SPL8005721,38042450
5721,SPL8005722,38042451
5722,SPL8005723,38042452
5723,SPL8005724,38042453
5724,SPL8005725,38042454
5725,SPL8005726,38042455;38049545
5726,SPL8005727,38042456;38049546
5727,SPL8005728,38042457
5728,SPL8005729,38042511;38044959;38049379;38066433
5729,SPL8005730,38042513;38049380;38065119
5730,SPL8005731,38042515;38046687
5731,SPL8005732,38042722
5732,SPL8005733,38042723
5733,SPL8005734,38042724
5734,SPL8005735,38042725
5735,SPL8005736,38042747
5736,SPL8005737,38042748
5737,SPL8005738,38042776
5738,SPL8005739,38042838
5739,SPL8005740,38042839
5740,SPL8005741,38042840
5741,SPL8005742,38042841
5742,SPL8005743,38042842
5743,SPL8005744,38042843
5744,SPL8005745,38042844
5745,SPL8005746,38042846;38062279;38063400;38063402
5746,SPL8005747,38042851;38061338;38062880;38062981
5747,SPL8005748,38042852;38058831;38061339;38062881;38062982;38063374;38064577
5748,SPL8005749,38042853;38042854;38061340;38062883;38062983
5749,SPL8005750,38042855;38061828;38062884;38062984
5750,SPL8005751,38042856
5751,SPL8005752,38042857
5752,SPL8005753,38042858
5753,SPL8005754,38042859
5754,SPL8005755,38042860
5755,SPL8005756,38042861
5756,SPL8005757,38042862
5757,SPL8005758,38042864
5758,SPL8005759,38042865
5759,SPL8005760,38042866
5760,SPL8005761,38042867
5761,SPL8005762,38043003
5762,SPL8005763,38043009;38062829
5763,SPL8005764,38043010;38062830
5764,SPL8005765,38043015
5765,SPL8005766,38043020;38043030
5766,SPL8005767,38043021;38063222
5767,SPL8005768,38043022;38063234
5768,SPL8005769,38043023;38063226
5769,SPL8005770,38043024
5770,SPL8005771,38043025;38063227
5771,SPL8005772,38043026;38063236
5772,SPL8005773,38043027;38061786;38063275;38064156
5773,SPL8005774,38043028;38061875;38063273;38064154
5774,SPL8005775,38043029;38061876;38063274;38064155
5775,SPL8005776,38043032
5776,SPL8005777,38043039
5777,SPL8005778,38043040
5778,SPL8005779,38043045
5779,SPL8005780,38043047
5780,SPL8005781,38043048
5781,SPL8005782,38043049
5782,SPL8005783,38043869
5783,SPL8005784,38043973
5784,SPL8005785,38043975
5785,SPL8005786,38043982
5786,SPL8005787,38043989
5787,SPL8005788,38043995
5788,SPL8005789,38043996
5789,SPL8005790,38043997
5790,SPL8005791,38043998
5791,SPL8005792,38043999
5792,SPL8005793,38044000
5793,SPL8005794,38044003
5794,SPL8005795,38044006
5795,SPL8005796,38044007
5796,SPL8005797,38044008
5797,SPL8005798,38044009
5798,SPL8005799,38044017
5799,SPL8005800,38044073
5800,SPL8005801,38044077
5801,SPL8005802,38044081
5802,SPL8005803,38044169
5803,SPL8005804,38044171
5804,SPL8005805,38044174
5805,SPL8005806,38044175
5806,SPL8005807,38044176
5807,SPL8005808,38044177
5808,SPL8005809,38044178
5809,SPL8005810,38044179
5810,SPL8005811,38044180
5811,SPL8005812,38044181
5812,SPL8005813,38044183
5813,SPL8005814,38044184
5814,SPL8005815,38044185
5815,SPL8005816,38044190
5816,SPL8005817,38044195
5817,SPL8005818,38044202
5818,SPL8005819,38044204
5819,SPL8005820,38044208
5820,SPL8005821,38044209
5821,SPL8005822,38044210
5822,SPL8005823,38044211
5823,SPL8005824,38044212
5824,SPL8005825,38044214
5825,SPL8005826,38044222
5826,SPL8005827,38044225;38045071;38047602;38049346
5827,SPL8005828,38044226
5828,SPL8005829,38044270
5829,SPL8005830,38044271
5830,SPL8005831,38044286
5831,SPL8005832,38044288
5832,SPL8005833,38044292
5833,SPL8005834,38044293;38049038;38062314
5834,SPL8005835,38044294
5835,SPL8005836,38044300
5836,SPL8005837,38044303
5837,SPL8005838,38044305;38064035
5838,SPL8005839,38044310;38044453
5839,SPL8005840,38044312
5840,SPL8005841,38044321
5841,SPL8005842,38044331
5842,SPL8005843,38044334
5843,SPL8005844,38044336
5844,SPL8005845,38044342
5845,SPL8005846,38044344
5846,SPL8005847,38044346
5847,SPL8005848,38044347
5848,SPL8005849,38044350
5849,SPL8005850,38044365
5850,SPL8005851,38044376
5851,SPL8005852,38044378
5852,SPL8005853,38044379
5853,SPL8005854,38044381
5854,SPL8005855,38044384
5855,SPL8005856,38044392;38045871;38064931
5856,SPL8005857,38044393
5857,SPL8005858,38044452;38045677
5858,SPL8005859,38044454
5859,SPL8005860,38044456;38059778;38062926;38064537;38066707
5860,SPL8005861,38044457
5861,SPL8005862,38044458
5862,SPL8005863,38044459
5863,SPL8005864,38044462
5864,SPL8005865,38044525
5865,SPL8005866,38044526
5866,SPL8005867,38044527
5867,SPL8005868,38044535
5868,SPL8005869,38044536
5869,SPL8005870,38044537
5870,SPL8005871,38044538
5871,SPL8005872,38044539
5872,SPL8005873,38044541
5873,SPL8005874,38044542;38063473
5874,SPL8005875,38044543
5875,SPL8005876,38044544
5876,SPL8005877,38044545
5877,SPL8005878,38044546
5878,SPL8005879,38044547;38063486
5879,SPL8005880,38044548;38063207
5880,SPL8005881,38044549;38063208
5881,SPL8005882,38044550;38063487
5882,SPL8005883,38044551
5883,SPL8005884,38044552;38063482
5884,SPL8005885,38044553;38063483
5885,SPL8005886,38044554;38063484
5886,SPL8005887,38044555;38063485
5887,SPL8005888,38044556
5888,SPL8005889,38044557
5889,SPL8005890,38044559
5890,SPL8005891,38044560;38063474
5891,SPL8005892,38044561;38049076;38049261;38049512;38049513;38062267;38063416;38063419
5892,SPL8005893,38044562;38047600;38049343
5893,SPL8005894,38044563;38047606;38049351
5894,SPL8005895,38044566
5895,SPL8005896,38044567;38063388
5896,SPL8005897,38044569
5897,SPL8005898,38044570
5898,SPL8005899,38044571;38063464
5899,SPL8005900,38044572;38063472
5900,SPL8005901,38044573;38063475
5901,SPL8005902,38044579;38064032
5902,SPL8005903,38044580;38064031
5903,SPL8005904,38044581;38064024
5904,SPL8005905,38044582;38064025
5905,SPL8005906,38044583;38062457;38064026
5906,SPL8005907,38044584;38064027
5907,SPL8005908,38044585;38062454;38064389
5908,SPL8005909,38044586;38064395
5909,SPL8005910,38044587;38062453;38064396
5910,SPL8005911,38044596
5911,SPL8005912,38044927
5912,SPL8005913,38044945
5913,SPL8005914,38044946
5914,SPL8005915,38044947
5915,SPL8005916,38044949;38064397
5916,SPL8005917,38044950;38064399
5917,SPL8005918,38044951;38064388
5918,SPL8005919,38044952;38064030
5919,SPL8005920,38044955;38058929
5920,SPL8005921,38044980;38063224
5921,SPL8005922,38044981;38046776;38063253;38063254
5922,SPL8005923,38044982
5923,SPL8005924,38044983;38046777;38063255;38063256
5924,SPL8005925,38045064
5925,SPL8005926,38045138
5926,SPL8005927,38045291
5927,SPL8005928,38045292
5928,SPL8005929,38045293;38064098
5929,SPL8005930,38045294;38064091
5930,SPL8005931,38045295;38064398
5931,SPL8005932,38045302
5932,SPL8005933,38045303
5933,SPL8005934,38045304
5934,SPL8005935,38045305
5935,SPL8005936,38045309
5936,SPL8005937,38045310
5937,SPL8005938,38045311
5938,SPL8005939,38045316
5939,SPL8005940,38045380;38064017
5940,SPL8005941,38045386;38058830;38061824;38062887;38062977;38063373;38064581
5941,SPL8005942,38045387;38045391;38058826;38061825;38062888;38062978;38063370;38066732
5942,SPL8005943,38045388;38058828;38061826;38062889;38062979;38063081;38063371;38064582
5943,SPL8005944,38045389;38058829;38061827;38062890;38062980;38063372
5944,SPL8005945,38045390
5945,SPL8005947,38045392
5946,SPL8005948,38045393
5947,SPL8005949,38045460
5948,SPL8005950,38045461;38064028
5949,SPL8005951,38045507;38063230
5950,SPL8005952,38045508;38063233
5951,SPL8005953,38045511
5952,SPL8005954,38045512;38046588;38062842
5953,SPL8005955,38045513;38046589;38062843
5954,SPL8005956,38045514
5955,SPL8005957,38045683
5956,SPL8005958,38045685;38059393
5957,SPL8005959,38045688
5958,SPL8005960,38045705;38065626
5959,SPL8005961,38045706;38065625
5960,SPL8005962,38045707
5961,SPL8005963,38045708
5962,SPL8005964,38045709;38059462
5963,SPL8005965,38045710;38059463
5964,SPL8005966,38045711;38062885;38063806
5965,SPL8005967,38045712;38062886;38063878
5966,SPL8005968,38045719
5967,SPL8005969,38045722;38059912
5968,SPL8005970,38045732;38064436
5969,SPL8005971,38045733;38064981;38067473
5970,SPL8005972,38045734;38064982;38067474
5971,SPL8005973,38045736;38064984;38067476
5972,SPL8005974,38045737;38064985;38067477
5973,SPL8005975,38045738;38064986;38067478
5974,SPL8005976,38045739;38064987;38067479
5975,SPL8005977,38045757
5976,SPL8005978,38045758
5977,SPL8005979,38045759
5978,SPL8005980,38045760
5979,SPL8005981,38045761
5980,SPL8005982,38045762
5981,SPL8005983,38045763
5982,SPL8005984,38045764
5983,SPL8005985,38045765
5984,SPL8005986,38045766
5985,SPL8005987,38045767
5986,SPL8005988,38045768
5987,SPL8005989,38045769
5988,SPL8005990,38045770
5989,SPL8005991,38045771
5990,SPL8005992,38045772
5991,SPL8005993,38045773
5992,SPL8005994,38045774
5993,SPL8005995,38045775
5994,SPL8005996,38045776
5995,SPL8005997,38045779;38045940
5996,SPL8005998,38045780;38047601;38049344
5997,SPL8005999,38045784;38045941
5998,SPL8006000,38045786;38047607;38049352
5999,SPL8006001,38045788;38063888
6000,SPL8006002,38045789
6001,SPL8006003,38045790
6002,SPL8006004,38045791
6003,SPL8006005,38045792;38060947
6004,SPL8006006,38045830
6005,SPL8006007,38045835;38049445;38063054
6006,SPL8006008,38045840
6007,SPL8006009,38045841
6008,SPL8006010,38045843
6009,SPL8006011,38045844;38061188
6010,SPL8006012,38045845
6011,SPL8006013,38045846
6012,SPL8006014,38045848
6013,SPL8006015,38045855;38049222
6014,SPL8006016,38045856
6015,SPL8006017,38045857
6016,SPL8006018,38045858
6017,SPL8006019,38045859
6018,SPL8006020,38045860
6019,SPL8006021,38045867
6020,SPL8006022,38045908
6021,SPL8006023,38045922;38061821;38062894;38062974;38064571
6022,SPL8006024,38045923;38061822;38062895;38062975
6023,SPL8006025,38045924;38061823;38062896;38062976;38064572
6024,SPL8006026,38045925;38061341;38062897;38062985;38064575
6025,SPL8006027,38045927
6026,SPL8006028,38045935
6027,SPL8006029,38045942;38065121
6028,SPL8006030,38045943;38063882
6029,SPL8006031,38046018;38046160
6030,SPL8006032,38046045
6031,SPL8006033,38046076
6032,SPL8006034,38046078
6033,SPL8006035,38046079
6034,SPL8006036,38046085
6035,SPL8006037,38046087
6036,SPL8006038,38046089
6037,SPL8006039,38046090
6038,SPL8006040,38046091
6039,SPL8006041,38046092
6040,SPL8006042,38046093
6041,SPL8006043,38046094;38061189
6042,SPL8006044,38046095;38063711
6043,SPL8006045,38046096
6044,SPL8006046,38046097
6045,SPL8006047,38046113
6046,SPL8006048,38046115;38049098;38060420;38061930
6047,SPL8006049,38046116
6048,SPL8006050,38046117
6049,SPL8006051,38046120
6050,SPL8006052,38046121
6051,SPL8006053,38046122
6052,SPL8006054,38046123
6053,SPL8006055,38046124
6054,SPL8006056,38046125
6055,SPL8006057,38046126
6056,SPL8006058,38046127
6057,SPL8006059,38046128;38059392
6058,SPL8006060,38046130
6059,SPL8006061,38046134;38048115;38049069;38058817;38061937
6060,SPL8006062,38046135
6061,SPL8006063,38046136;38046137
6062,SPL8006064,38046138
6063,SPL8006065,38046139
6064,SPL8006066,38046140
6065,SPL8006067,38046142
6066,SPL8006068,38046143
6067,SPL8006069,38046144
6068,SPL8006070,38046145
6069,SPL8006071,38046146
6070,SPL8006072,38046148
6071,SPL8006073,38046149
6072,SPL8006074,38046150
6073,SPL8006075,38046151
6074,SPL8006076,38046162
6075,SPL8006077,38046163
6076,SPL8006078,38046164
6077,SPL8006079,38046165
6078,SPL8006080,38046166;38062879
6079,SPL8006081,38046237;38046238;38049538;38063394
6080,SPL8006082,38046242;38063229
6081,SPL8006083,38046243;38063232
6082,SPL8006084,38046244;38063235
6083,SPL8006085,38046351;38061288
6084,SPL8006086,38046356
6085,SPL8006087,38046357
6086,SPL8006088,38046360
6087,SPL8006089,38046361
6088,SPL8006090,38046362
6089,SPL8006091,38046363
6090,SPL8006092,38046365;38046368
6091,SPL8006093,38046369
6092,SPL8006094,38046370
6093,SPL8006095,38046371
6094,SPL8006096,38046372
6095,SPL8006097,38046373
6096,SPL8006098,38046375;38047992;38059768;38061043;38061051
6097,SPL8006099,38046385
6098,SPL8006100,38046390
6099,SPL8006101,38046391
6100,SPL8006102,38046413
6101,SPL8006103,38046415
6102,SPL8006104,38046416
6103,SPL8006105,38046417
6104,SPL8006106,38046420
6105,SPL8006107,38046423
6106,SPL8006108,38046426
6107,SPL8006109,38046428
6108,SPL8006110,38046429
6109,SPL8006111,38046431;38049223;38062072;38063072;38065163
6110,SPL8006112,38046432
6111,SPL8006113,38046433
6112,SPL8006114,38046434
6113,SPL8006115,38046435
6114,SPL8006116,38046436
6115,SPL8006117,38046437
6116,SPL8006118,38046491
6117,SPL8006119,38046493;38064977
6118,SPL8006120,38046494;38064978
6119,SPL8006121,38046495;38064979
6120,SPL8006122,38046498;38064410
6121,SPL8006123,38046500;38062823
6122,SPL8006124,38046505
6123,SPL8006125,38046508
6124,SPL8006126,38046509
6125,SPL8006127,38046512
6126,SPL8006128,38046513;38063707
6127,SPL8006129,38046516
6128,SPL8006130,38046520
6129,SPL8006131,38046521
6130,SPL8006132,38046522
6131,SPL8006133,38046525
6132,SPL8006134,38046526;38049590
6133,SPL8006135,38046527;38049591
6134,SPL8006136,38046528;38049592;38062921;38064442;38066643;38066711
6135,SPL8006137,38046529;38065522
6136,SPL8006138,38046530;38063640
6137,SPL8006139,38046532;38047425;38048281;38059805;38059866;38060263
6138,SPL8006140,38046579
6139,SPL8006141,38046580
6140,SPL8006142,38046581
6141,SPL8006143,38046582
6142,SPL8006144,38046583
6143,SPL8006145,38046584
6144,SPL8006146,38046585
6145,SPL8006147,38046612
6146,SPL8006148,38046617
6147,SPL8006149,38046626
6148,SPL8006150,38046633
6149,SPL8006151,38046679
6150,SPL8006152,38046681;38061835;38062908;38062990;38063513;38066739
6151,SPL8006153,38046683
6152,SPL8006154,38046684;38061838;38062910;38062993;38063517;38066757
6153,SPL8006155,38046685
6154,SPL8006156,38046686;38061831;38062911;38062986;38063544;38066761
6155,SPL8006157,38046688;38046689;38061834;38062913;38062989;38063512;38066776
6156,SPL8006158,38046690
6157,SPL8006159,38046691
6158,SPL8006160,38046692
6159,SPL8006161,38046693
6160,SPL8006162,38046694
6161,SPL8006163,38046695
6162,SPL8006164,38046696
6163,SPL8006165,38046697
6164,SPL8006166,38046698
6165,SPL8006167,38046699
6166,SPL8006168,38046700
6167,SPL8006169,38046701
6168,SPL8006170,38046702
6169,SPL8006171,38046703
6170,SPL8006172,38046704
6171,SPL8006173,38046705
6172,SPL8006174,38046706
6173,SPL8006175,38046707
6174,SPL8006176,38046708
6175,SPL8006177,38046709
6176,SPL8006178,38046710
6177,SPL8006179,38046713
6178,SPL8006180,38046718
6179,SPL8006181,38046731
6180,SPL8006182,38046778;38063257
6181,SPL8006183,38046779;38063251
6182,SPL8006184,38046780;38063252
6183,SPL8006185,38046781
6184,SPL8006186,38046784
6185,SPL8006187,38047179
6186,SPL8006188,38047180;38047259;38048133;38048322
6187,SPL8006189,38047181;38047260;38048069
6188,SPL8006190,38047182;38047263;38047968;38048324
6189,SPL8006191,38047193
6190,SPL8006192,38047194;38047261
6191,SPL8006193,38047195;38047262
6192,SPL8006194,38047196;38047264;38048134
6193,SPL8006195,38047251
6194,SPL8006196,38047255;38063265
6195,SPL8006197,38047257
6196,SPL8006198,38047258
6197,SPL8006199,38047266
6198,SPL8006200,38047268
6199,SPL8006201,38047269
6200,SPL8006202,38047270;38058928
6201,SPL8006203,38047271
6202,SPL8006204,38047272
6203,SPL8006205,38047346;38063065
6204,SPL8006206,38047347;38063066
6205,SPL8006207,38047348
6206,SPL8006208,38047353;38059299
6207,SPL8006209,38047415;38048028;38062263
6208,SPL8006210,38047423;38048578;38063638
6209,SPL8006211,38047426
6210,SPL8006212,38047430
6211,SPL8006213,38047433
6212,SPL8006214,38047434
6213,SPL8006215,38047442
6214,SPL8006216,38047443
6215,SPL8006217,38047444
6216,SPL8006218,38047445
6217,SPL8006219,38047446
6218,SPL8006220,38047447
6219,SPL8006221,38047448
6220,SPL8006222,38047449
6221,SPL8006223,38047450
6222,SPL8006224,38047452
6223,SPL8006225,38047453
6224,SPL8006226,38047454
6225,SPL8006227,38047455
6226,SPL8006228,38047456
6227,SPL8006229,38047457
6228,SPL8006230,38047459
6229,SPL8006231,38047465
6230,SPL8006232,38047466
6231,SPL8006233,38047467
6232,SPL8006234,38047468
6233,SPL8006235,38047469;38064469
6234,SPL8006236,38047470;38063952
6235,SPL8006237,38047471;38064471;38065637
6236,SPL8006238,38047472;38064470;38065638
6237,SPL8006239,38047475
6238,SPL8006240,38047476
6239,SPL8006241,38047482;38062851
6240,SPL8006242,38047484;38049387
6241,SPL8006243,38047486
6242,SPL8006244,38047487
6243,SPL8006245,38047489
6244,SPL8006246,38047490
6245,SPL8006247,38047491;38048535;38049159;38049166
6246,SPL8006248,38047493;38048532;38048551
6247,SPL8006249,38047510
6248,SPL8006250,38047513
6249,SPL8006251,38047520;38062831
6250,SPL8006252,38047560
6251,SPL8006253,38047582;38063221
6252,SPL8006254,38047617
6253,SPL8006255,38047618;38063237
6254,SPL8006256,38047619;38063240
6255,SPL8006257,38047620;38063269
6256,SPL8006258,38047621;38063239
6257,SPL8006259,38047626;38049099;38063736
6258,SPL8006260,38047627;38049095;38063737
6259,SPL8006261,38047628;38049101;38063739
6260,SPL8006262,38047629;38049096;38063740
6261,SPL8006263,38047633;38049035;38063045
6262,SPL8006264,38047634
6263,SPL8006265,38047635
6264,SPL8006266,38047637
6265,SPL8006267,38047639
6266,SPL8006268,38047641
6267,SPL8006269,38047643
6268,SPL8006270,38047646
6269,SPL8006271,38047966;38063033
6270,SPL8006272,38047967;38048323
6271,SPL8006273,38047972
6272,SPL8006274,38047973
6273,SPL8006275,38047976;38049503;38063441
6274,SPL8006276,38047997;38049391
6275,SPL8006277,38047998
6276,SPL8006278,38048006;38049311
6277,SPL8006279,38048008;38049313;38049663;38057562
6278,SPL8006280,38048009
6279,SPL8006281,38048010;38049285
6280,SPL8006282,38048011
6281,SPL8006283,38048027
6282,SPL8006284,38048066
6283,SPL8006285,38048067;38063634
6284,SPL8006286,38048080
6285,SPL8006287,38048081
6286,SPL8006288,38048082
6287,SPL8006289,38048083
6288,SPL8006290,38048101;38063064
6289,SPL8006291,38048104;38062891
6290,SPL8006292,38048105;38062892
6291,SPL8006293,38048106;38062893
6292,SPL8006294,38048107
6293,SPL8006295,38048109
6294,SPL8006296,38048110
6295,SPL8006297,38048111
6296,SPL8006298,38048112
6297,SPL8006299,38048113
6298,SPL8006300,38048114
6299,SPL8006301,38048117
6300,SPL8006302,38048135
6301,SPL8006303,38048258
6302,SPL8006304,38048272;38062915
6303,SPL8006305,38048279
6304,SPL8006306,38048282;38063067
6305,SPL8006307,38048283;38063068
6306,SPL8006308,38048290
6307,SPL8006309,38048291
6308,SPL8006310,38048292
6309,SPL8006311,38048298
6310,SPL8006312,38048300
6311,SPL8006313,38048301
6312,SPL8006314,38048302
6313,SPL8006315,38048303
6314,SPL8006316,38048304
6315,SPL8006317,38048305
6316,SPL8006318,38048306
6317,SPL8006319,38048309
6318,SPL8006320,38048310
6319,SPL8006321,38048311
6320,SPL8006322,38048314
6321,SPL8006323,38048315
6322,SPL8006324,38048326;38061787;38063313;38064173
6323,SPL8006325,38048327;38061788;38063314;38064174
6324,SPL8006326,38048328
6325,SPL8006327,38048329;38048330;38058847;38062615;38063285;38063287;38064160
6326,SPL8006328,38048331;38048332;38058849;38062616;38063289;38063291;38064162
6327,SPL8006329,38048333
6328,SPL8006330,38048334;38058851;38063279
6329,SPL8006331,38048335
6330,SPL8006332,38048336
6331,SPL8006333,38048337;38048338;38058854;38062614;38063281;38063283;38064158
6332,SPL8006334,38048339;38063241
6333,SPL8006335,38048340;38063242
6334,SPL8006336,38048341;38063246
6335,SPL8006337,38048342;38063244
6336,SPL8006338,38048343;38063245
6337,SPL8006339,38048344;38063247
6338,SPL8006340,38048345;38061790;38063318;38064178
6339,SPL8006341,38048346
6340,SPL8006342,38048347;38061878;38063317;38064177
6341,SPL8006343,38048348;38061789;38063315;38064175
6342,SPL8006344,38048411;38062853
6343,SPL8006345,38048412;38062901;38063973;38064573
6344,SPL8006346,38048413;38062902;38063974
6345,SPL8006347,38048414;38062903;38063975;38064574
6346,SPL8006348,38048415;38062904;38064579
6347,SPL8006349,38048416;38062906;38064444;38066712
6348,SPL8006350,38048425;38048427
6349,SPL8006351,38048426
6350,SPL8006352,38048428
6351,SPL8006353,38048429
6352,SPL8006354,38048430
6353,SPL8006355,38048431
6354,SPL8006356,38048432
6355,SPL8006357,38048433
6356,SPL8006358,38048434
6357,SPL8006359,38048435
6358,SPL8006360,38048436
6359,SPL8006361,38048437
6360,SPL8006362,38048438
6361,SPL8006363,38048440
6362,SPL8006364,38048441
6363,SPL8006365,38048442
6364,SPL8006366,38048443
6365,SPL8006367,38048445
6366,SPL8006368,38048446
6367,SPL8006369,38048447
6368,SPL8006370,38048448
6369,SPL8006371,38048449
6370,SPL8006372,38048451
6371,SPL8006373,38048452
6372,SPL8006374,38048453
6373,SPL8006375,38048454
6374,SPL8006376,38048455
6375,SPL8006377,38048456
6376,SPL8006378,38048457
6377,SPL8006379,38048458
6378,SPL8006380,38048460
6379,SPL8006381,38048462;38049668
6380,SPL8006382,38048463;38063469
6381,SPL8006383,38048465
6382,SPL8006384,38048466
6383,SPL8006385,38048467
6384,SPL8006386,38048487
6385,SPL8006387,38048488
6386,SPL8006388,38048489
6387,SPL8006389,38048492
6388,SPL8006390,38048493
6389,SPL8006391,38048495
6390,SPL8006392,38048501
6391,SPL8006393,38048509;38049518;38061794;38062646;38063410;38063414;38065124;38065140;38066404;38066421
6392,SPL8006394,38048511;38049314;38049659;38057563
6393,SPL8006395,38048518
6394,SPL8006396,38048528;38049353;38049532;38061808;38061996;38063436;38063448
6395,SPL8006397,38048529
6396,SPL8006398,38048530
6397,SPL8006399,38048533;38059395;38061933
6398,SPL8006400,38048538;38064437
6399,SPL8006401,38048539;38064438
6400,SPL8006402,38048552
6401,SPL8006403,38048554
6402,SPL8006404,38048556;38063043
6403,SPL8006405,38048560
6404,SPL8006406,38048561
6405,SPL8006407,38048562
6406,SPL8006408,38048563
6407,SPL8006409,38048564
6408,SPL8006410,38048565
6409,SPL8006411,38048566
6410,SPL8006412,38048567
6411,SPL8006413,38048568
6412,SPL8006414,38048569
6413,SPL8006415,38048570
6414,SPL8006416,38048571
6415,SPL8006417,38048572
6416,SPL8006418,38048573
6417,SPL8006419,38048574
6418,SPL8006420,38048576
6419,SPL8006421,38048577
6420,SPL8006422,38048579
6421,SPL8006423,38048580
6422,SPL8006424,38048581;38062824
6423,SPL8006425,38048818
6424,SPL8006426,38048844
6425,SPL8006427,38048846;38063636
6426,SPL8006428,38048847;38063007
6427,SPL8006429,38048848;38063008
6428,SPL8006430,38049033
6429,SPL8006431,38049034
6430,SPL8006432,38049041
6431,SPL8006433,38049042
6432,SPL8006434,38049043
6433,SPL8006435,38049044
6434,SPL8006436,38049045
6435,SPL8006437,38049046
6436,SPL8006438,38049048
6437,SPL8006439,38049049
6438,SPL8006440,38049065
6439,SPL8006441,38049066
6440,SPL8006442,38049067
6441,SPL8006443,38049077
6442,SPL8006444,38049081;38063248
6443,SPL8006445,38049082;38063249
6444,SPL8006446,38049083
6445,SPL8006447,38049084;38062609;38063266
6446,SPL8006448,38049087;38049088;38058856;38061898;38063304;38063306;38064169
6447,SPL8006449,38049089;38049090;38058858;38061900;38063308;38063310;38064171
6448,SPL8006450,38049091;38058860;38061894;38063295;38063297
6449,SPL8006451,38049092
6450,SPL8006452,38049093;38058863;38061896;38063299;38063301;38064167
6451,SPL8006453,38049094;38063302
6452,SPL8006454,38049103;38063725;38063962
6453,SPL8006455,38049105
6454,SPL8006456,38049106
6455,SPL8006457,38049109
6456,SPL8006458,38049110
6457,SPL8006459,38049111
6458,SPL8006460,38049112
6459,SPL8006461,38049113
6460,SPL8006462,38049114
6461,SPL8006463,38049115
6462,SPL8006464,38049116
6463,SPL8006465,38049117
6464,SPL8006466,38049118
6465,SPL8006467,38049119
6466,SPL8006468,38049120
6467,SPL8006469,38049121
6468,SPL8006470,38049122
6469,SPL8006471,38049123
6470,SPL8006472,38049124
6471,SPL8006473,38049125
6472,SPL8006474,38049126
6473,SPL8006475,38049127
6474,SPL8006476,38049128
6475,SPL8006477,38049129
6476,SPL8006478,38049130
6477,SPL8006479,38049131
6478,SPL8006480,38049132
6479,SPL8006481,38049133
6480,SPL8006482,38049134
6481,SPL8006483,38049135
6482,SPL8006484,38049136
6483,SPL8006485,38049137
6484,SPL8006486,38049138
6485,SPL8006487,38049139
6486,SPL8006488,38049140
6487,SPL8006489,38049141
6488,SPL8006490,38049142
6489,SPL8006491,38049143
6490,SPL8006492,38049144
6491,SPL8006493,38049145
6492,SPL8006494,38049146
6493,SPL8006495,38049147
6494,SPL8006496,38049148
6495,SPL8006497,38049149
6496,SPL8006498,38049150
6497,SPL8006499,38049151
6498,SPL8006500,38049152
6499,SPL8006501,38049153
6500,SPL8006502,38049154
6501,SPL8006503,38049155
6502,SPL8006504,38049158
6503,SPL8006505,38049161
6504,SPL8006506,38049164
6505,SPL8006507,38049165
6506,SPL8006508,38049168
6507,SPL8006509,38049171;38060487
6508,SPL8006510,38049172
6509,SPL8006511,38049173
6510,SPL8006512,38049175
6511,SPL8006513,38049179;38049365;38060473;38062312
6512,SPL8006514,38049180
6513,SPL8006515,38049186
6514,SPL8006516,38049187
6515,SPL8006517,38049189
6516,SPL8006518,38049190;38063159
6517,SPL8006519,38049191;38063156
6518,SPL8006520,38049192
6519,SPL8006521,38049193;38063158
6520,SPL8006522,38049194
6521,SPL8006523,38049195
6522,SPL8006524,38049196
6523,SPL8006525,38049197
6524,SPL8006526,38049198
6525,SPL8006527,38049199
6526,SPL8006528,38049201
6527,SPL8006529,38049202
6528,SPL8006530,38049203
6529,SPL8006531,38049204
6530,SPL8006532,38049205;38063157
6531,SPL8006533,38049208
6532,SPL8006534,38049209
6533,SPL8006535,38049210
6534,SPL8006536,38049214
6535,SPL8006537,38049215
6536,SPL8006538,38049216
6537,SPL8006539,38049217
6538,SPL8006540,38049219;38049479;38062276;38063423;38063432;38063698;38065518;38067725
6539,SPL8006541,38049220
6540,SPL8006542,38049221;38063041
6541,SPL8006543,38049225
6542,SPL8006544,38049226
6543,SPL8006545,38049228
6544,SPL8006546,38049229
6545,SPL8006547,38049230
6546,SPL8006548,38049231
6547,SPL8006549,38049232
6548,SPL8006550,38049233
6549,SPL8006551,38049234
6550,SPL8006552,38049235
6551,SPL8006553,38049236
6552,SPL8006554,38049238
6553,SPL8006555,38049239
6554,SPL8006556,38049240
6555,SPL8006557,38049241
6556,SPL8006558,38049242;38063006
6557,SPL8006559,38049244;38060195;38065780;38066417
6558,SPL8006560,38049245
6559,SPL8006561,38049247;38063635
6560,SPL8006562,38049248
6561,SPL8006563,38049249;38063049;38063078
6562,SPL8006564,38049250;38063048;38063077
6563,SPL8006565,38049251;38063050;38063080
6564,SPL8006566,38049252;38063047;38063079
6565,SPL8006567,38049255;38063005
6566,SPL8006568,38049260
6567,SPL8006569,38049275
6568,SPL8006570,38049276
6569,SPL8006571,38049283
6570,SPL8006572,38049286
6571,SPL8006573,38049287
6572,SPL8006574,38049288
6573,SPL8006575,38049301
6574,SPL8006576,38049302
6575,SPL8006577,38049303
6576,SPL8006578,38049304
6577,SPL8006579,38049305
6578,SPL8006580,38049306
6579,SPL8006581,38049307;38060216;38061918;38062225
6580,SPL8006582,38049345
6581,SPL8006583,38049354;38061872;38063259
6582,SPL8006584,38049355;38062608;38063258
6583,SPL8006585,38049356
6584,SPL8006586,38049357;38063621
6585,SPL8006587,38049358
6586,SPL8006588,38049359;38064336
6587,SPL8006589,38049360
6588,SPL8006590,38049366
6589,SPL8006591,38049371
6590,SPL8006592,38049372;38061190
6591,SPL8006593,38049373;38061191
6592,SPL8006594,38049374;38061192
6593,SPL8006595,38049381
6594,SPL8006596,38049388
6595,SPL8006597,38049389
6596,SPL8006598,38049390
6597,SPL8006599,38049392
6598,SPL8006600,38049395
6599,SPL8006601,38049397
6600,SPL8006602,38049414
6601,SPL8006603,38049415;38062844
6602,SPL8006604,38049416;38062846
6603,SPL8006605,38049417;38059391
6604,SPL8006606,38049420
6605,SPL8006607,38049422;38063726;38063966
6606,SPL8006608,38049423;38063956
6607,SPL8006609,38049424;38063727
6608,SPL8006610,38049425;38063933
6609,SPL8006611,38049426;38063932
6610,SPL8006612,38049427;38063934
6611,SPL8006613,38049429;38063954
6612,SPL8006614,38049430;38063958
6613,SPL8006615,38049431;38063960
6614,SPL8006616,38049432;38063957
6615,SPL8006617,38049433;38063959
6616,SPL8006618,38049434;38057564
6617,SPL8006619,38049435
6618,SPL8006620,38049437
6619,SPL8006621,38049438
6620,SPL8006622,38049439
6621,SPL8006623,38049440
6622,SPL8006624,38049441
6623,SPL8006625,38049443
6624,SPL8006626,38049444
6625,SPL8006627,38049448
6626,SPL8006628,38049449
6627,SPL8006629,38049450
6628,SPL8006630,38049452
6629,SPL8006631,38049454
6630,SPL8006632,38049458
6631,SPL8006633,38049459
6632,SPL8006634,38049462
6633,SPL8006635,38049481;38049484
6634,SPL8006636,38049483;38049486;38060071;38063421;38063680
6635,SPL8006637,38049494;38049504;38062544
6636,SPL8006638,38049506
6637,SPL8006639,38049507
6638,SPL8006640,38049510;38049511
6639,SPL8006641,38049519;38049520;38062327;38063429
6640,SPL8006642,38049521
6641,SPL8006643,38049537;38062539;38063404
6642,SPL8006644,38049539
6643,SPL8006645,38049540
6644,SPL8006646,38049541
6645,SPL8006647,38049547
6646,SPL8006648,38049548;38062845
6647,SPL8006649,38049574
6648,SPL8006650,38049575
6649,SPL8006651,38049576;38063052
6650,SPL8006652,38049577;38060157
6651,SPL8006653,38049578
6652,SPL8006654,38049579
6653,SPL8006655,38049580
6654,SPL8006656,38049581
6655,SPL8006657,38049582
6656,SPL8006658,38049583
6657,SPL8006659,38049584
6658,SPL8006660,38049585
6659,SPL8006661,38049586
6660,SPL8006662,38049587
6661,SPL8006663,38049588;38049589
6662,SPL8006664,38049596;38062928
6663,SPL8006665,38049597
6664,SPL8006666,38049598
6665,SPL8006667,38049599
6666,SPL8006668,38049600
6667,SPL8006669,38049601
6668,SPL8006670,38049602
6669,SPL8006671,38049603
6670,SPL8006672,38049604
6671,SPL8006673,38049605
6672,SPL8006674,38049606
6673,SPL8006675,38049607
6674,SPL8006676,38049608
6675,SPL8006677,38049609
6676,SPL8006678,38049610
6677,SPL8006679,38049611
6678,SPL8006680,38049612
6679,SPL8006681,38049613
6680,SPL8006682,38049614
6681,SPL8006683,38049615
6682,SPL8006684,38049628
6683,SPL8006685,38049638
6684,SPL8006686,38049639;38063055
6685,SPL8006687,38049640
6686,SPL8006688,38049641
6687,SPL8006689,38049643
6688,SPL8006690,38049644
6689,SPL8006691,38049646;38062929;38064185;38065001
6690,SPL8006692,38049649
6691,SPL8006693,38049661;38063470
6692,SPL8006694,38049669;38063738
6693,SPL8006695,38049671
6694,SPL8006696,38049673
6695,SPL8006697,38049674
6696,SPL8006698,38049676
6697,SPL8006699,38049678
6698,SPL8006700,38049679
6699,SPL8006701,38049681
6700,SPL8006702,38049682
6701,SPL8006703,38049683
6702,SPL8006704,38049684
6703,SPL8006705,38049685;38062406
6704,SPL8006706,38049686
6705,SPL8006707,38049689
6706,SPL8006708,38049690
6707,SPL8006709,38049691
6708,SPL8006710,38049692
6709,SPL8006711,38049693
6710,SPL8006712,38049694;38062407
6711,SPL8006713,38049695
6712,SPL8006714,38049700
6713,SPL8006715,38049701
6714,SPL8006716,38049702
6715,SPL8006717,38057327
6716,SPL8006718,38057565
6717,SPL8006719,38057566
6718,SPL8006720,38057581
6719,SPL8006721,38057599
6720,SPL8006722,38057600
6721,SPL8006723,38057601
6722,SPL8006724,38057602
6723,SPL8006725,38057603
6724,SPL8006726,38057604
6725,SPL8006727,38057605
6726,SPL8006728,38057606
6727,SPL8006729,38057607
6728,SPL8006730,38057608
6729,SPL8006731,38057609
6730,SPL8006732,38057610
6731,SPL8006733,38057611
6732,SPL8006734,38057612
6733,SPL8006735,38057613
6734,SPL8006736,38057614
6735,SPL8006737,38057615
6736,SPL8006738,38057616;38059245;38063622
6737,SPL8006739,38057617;38059246
6738,SPL8006740,38057618;38059247;38059443;38063623
6739,SPL8006741,38057619;38059248;38059444;38063624;38063639
6740,SPL8006742,38057620;38059448
6741,SPL8006743,38057621;38059250;38059445;38063625;38063653
6742,SPL8006744,38057622;38059251;38059447;38063626
6743,SPL8006745,38057623;38059252;38059446;38063627
6744,SPL8006746,38057624;38059287;38059449;38063628
6745,SPL8006747,38057625
6746,SPL8006748,38057626
6747,SPL8006749,38057627
6748,SPL8006750,38057628
6749,SPL8006751,38057629
6750,SPL8006752,38057630
6751,SPL8006753,38057631
6752,SPL8006754,38057632;38062834
6753,SPL8006755,38057633;38062918
6754,SPL8006756,38057634;38062919;38064536;38066709
6755,SPL8006757,38057635;38062920;38064441;38066710
6756,SPL8006758,38057636;38057637
6757,SPL8006759,38057638;38063594
6758,SPL8006760,38057639;38063615
6759,SPL8006761,38057640;38063614
6760,SPL8006762,38057641;38063613
6761,SPL8006763,38057642;38063612
6762,SPL8006764,38057643;38063610
6763,SPL8006765,38057644;38063609
6764,SPL8006766,38057645;38063608
6765,SPL8006767,38057646;38063607
6766,SPL8006768,38057647;38063606
6767,SPL8006769,38057648;38063591
6768,SPL8006770,38057649;38063592
6769,SPL8006771,38057650;38063589
6770,SPL8006772,38057651;38063587
6771,SPL8006773,38057652;38063585
6772,SPL8006774,38057653;38063584
6773,SPL8006775,38057654;38063583
6774,SPL8006776,38057655;38063581
6775,SPL8006777,38057656;38063580
6776,SPL8006778,38057657;38063579
6777,SPL8006779,38057658;38063611
6778,SPL8006780,38057659;38063605
6779,SPL8006781,38057660;38063604
6780,SPL8006782,38057661;38063602
6781,SPL8006783,38057662;38063619
6782,SPL8006784,38057663;38063595
6783,SPL8006785,38057664;38063593
6784,SPL8006786,38057665;38063617
6785,SPL8006787,38057666;38063603
6786,SPL8006788,38057667;38063590
6787,SPL8006789,38057668;38063588
6788,SPL8006790,38057669;38063586
6789,SPL8006791,38057670;38063582
6790,SPL8006792,38057671;38063616
6791,SPL8006793,38057672;38063601
6792,SPL8006794,38057673;38063600
6793,SPL8006795,38057674;38063598
6794,SPL8006796,38057675;38063599
6795,SPL8006797,38057676;38063597
6796,SPL8006798,38057677;38063596
6797,SPL8006799,38057678
6798,SPL8006800,38057679
6799,SPL8006801,38057680
6800,SPL8006802,38057681;38063090
6801,SPL8006803,38058811;38059353;38060370
6802,SPL8006804,38058812;38059354;38060371
6803,SPL8006805,38058819
6804,SPL8006806,38058820
6805,SPL8006807,38058832
6806,SPL8006808,38058833
6807,SPL8006809,38058846;38062601;38063284;38063286;38064159
6808,SPL8006810,38058848;38063290;38064161
6809,SPL8006811,38058850;38063278
6810,SPL8006812,38058852;38062566;38063292;38063293;38064164
6811,SPL8006813,38058853;38062613;38063280;38063282;38064157
6812,SPL8006814,38058855;38061897;38063303;38063305;38064168
6813,SPL8006815,38058857;38061899;38063307;38063309;38064170
6814,SPL8006816,38058859;38061893;38063294;38063296
6815,SPL8006817,38058861;38063312;38064172
6816,SPL8006818,38058862;38061895;38063298;38063300;38064166
6817,SPL8006819,38058864
6818,SPL8006820,38058875;38063034
6819,SPL8006821,38058876;38061721;38062954;38063556;38063794
6820,SPL8006822,38058877;38061723;38062956;38063557;38063795;38064101;38064120;38064564;38066754
6821,SPL8006823,38058878;38061738;38062957;38063558;38064102;38064542;38066763
6822,SPL8006824,38058879;38061739;38062958;38063559;38064103;38064543;38066768
6823,SPL8006825,38058880;38061740;38062959;38063560
6824,SPL8006826,38058881;38061741;38062960;38063561;38064104;38064544;38066773
6825,SPL8006827,38058882;38061734;38062948;38063550;38064135;38064557;38066760
6826,SPL8006828,38058883;38061735;38062949;38063551;38064136;38064558;38066765
6827,SPL8006829,38058884;38061736;38062950;38063552
6828,SPL8006830,38058885;38061737;38062951;38063553;38064137;38064559;38066775
6829,SPL8006831,38058886;38061719;38062952;38063554;38063796;38064117;38064138;38064565;38066736
6830,SPL8006832,38058887;38061720;38062953;38063555;38063797;38064118;38064139;38064566;38066741
6831,SPL8006833,38058888;38061742;38062961;38063562;38064105;38064545;38066778
6832,SPL8006834,38058889;38061724;38062962;38063563;38064107;38064122;38066738
6833,SPL8006835,38058890;38061725;38062963;38063564;38064108;38064123;38066743
6834,SPL8006836,38058891;38061726;38062964;38063565
6835,SPL8006837,38058892;38061727;38062965;38063566;38064109;38064124;38066751
6836,SPL8006838,38058893;38061728;38062966;38063567;38064110;38064125;38066756
6837,SPL8006839,38058894
6838,SPL8006840,38058895
6839,SPL8006841,38058896
6840,SPL8006842,38058897
6841,SPL8006843,38058898
6842,SPL8006844,38058899
6843,SPL8006845,38058900
6844,SPL8006846,38058901
6845,SPL8006847,38058902
6846,SPL8006848,38058903
6847,SPL8006849,38058904
6848,SPL8006850,38058905
6849,SPL8006851,38058906
6850,SPL8006852,38058907
6851,SPL8006853,38058908
6852,SPL8006854,38058909;38059355;38060372;38061313
6853,SPL8006855,38058912
6854,SPL8006856,38058913
6855,SPL8006857,38058914
6856,SPL8006858,38058915
6857,SPL8006859,38058922
6858,SPL8006860,38058924;38064481
6859,SPL8006861,38058925;38064482
6860,SPL8006862,38058926;38065075
6861,SPL8006863,38058927;38064485;38065168
6862,SPL8006864,38059112;38063440;38063443
6863,SPL8006865,38059115
6864,SPL8006866,38059116
6865,SPL8006867,38059117;38063618
6866,SPL8006868,38059118;38059360
6867,SPL8006869,38059119;38063076
6868,SPL8006870,38059120
6869,SPL8006871,38059121
6870,SPL8006872,38059122
6871,SPL8006873,38059123
6872,SPL8006874,38059124
6873,SPL8006875,38059125
6874,SPL8006876,38059126
6875,SPL8006877,38059127;38060507
6876,SPL8006878,38059128
6877,SPL8006879,38059129
6878,SPL8006880,38059131
6879,SPL8006881,38059132
6880,SPL8006882,38059134
6881,SPL8006883,38059176
6882,SPL8006884,38059177
6883,SPL8006885,38059182
6884,SPL8006886,38059185
6885,SPL8006887,38059186
6886,SPL8006888,38059188
6887,SPL8006889,38059190;38059760
6888,SPL8006890,38059197
6889,SPL8006891,38059198;38059914
6890,SPL8006892,38059199;38059915
6891,SPL8006893,38059201
6892,SPL8006894,38059202
6893,SPL8006895,38059203
6894,SPL8006896,38059204
6895,SPL8006897,38059205
6896,SPL8006898,38059206;38059214
6897,SPL8006899,38059207
6898,SPL8006900,38059208
6899,SPL8006901,38059209;38059913
6900,SPL8006902,38059210
6901,SPL8006903,38059211
6902,SPL8006904,38059212
6903,SPL8006905,38059213
6904,SPL8006906,38059215
6905,SPL8006907,38059216
6906,SPL8006908,38059217
6907,SPL8006909,38059218
6908,SPL8006910,38059219
6909,SPL8006911,38059220
6910,SPL8006912,38059221
6911,SPL8006913,38059222;38065436
6912,SPL8006914,38059223
6913,SPL8006915,38059224
6914,SPL8006916,38059225
6915,SPL8006917,38059227
6916,SPL8006918,38059228
6917,SPL8006919,38059241
6918,SPL8006920,38059243
6919,SPL8006921,38059253
6920,SPL8006922,38059257
6921,SPL8006923,38059264;38062825
6922,SPL8006924,38059265
6923,SPL8006925,38059266
6924,SPL8006926,38059270
6925,SPL8006927,38059271
6926,SPL8006928,38059279
6927,SPL8006929,38059280
6928,SPL8006930,38059281;38063015
6929,SPL8006931,38059282
6930,SPL8006932,38059283
6931,SPL8006933,38059284;38063011
6932,SPL8006934,38059285;38063016
6933,SPL8006935,38059286;38063012
6934,SPL8006936,38059288;38062930
6935,SPL8006937,38059289;38062931
6936,SPL8006938,38059290;38062932
6937,SPL8006939,38059291;38061832;38062933;38062987;38063545
6938,SPL8006940,38059292;38065088
6939,SPL8006941,38059294
6940,SPL8006942,38059295;38063228
6941,SPL8006943,38059296;38063250
6942,SPL8006944,38059304;38063879
6943,SPL8006945,38059305;38064455
6944,SPL8006946,38059306
6945,SPL8006947,38059307;38064456
6946,SPL8006948,38059308;38063815
6947,SPL8006949,38059310;38061833;38062934;38062988;38063511;38066770
6948,SPL8006950,38059335;38062875
6949,SPL8006951,38059336;38062878
6950,SPL8006952,38059337
6951,SPL8006953,38059338
6952,SPL8006954,38059340
6953,SPL8006955,38059341;38063009
6954,SPL8006956,38059347
6955,SPL8006957,38059349;38061785;38061811
6956,SPL8006958,38059350
6957,SPL8006959,38059351
6958,SPL8006960,38059352
6959,SPL8006961,38059356;38063935
6960,SPL8006962,38059358
6961,SPL8006963,38059359
6962,SPL8006964,38059361
6963,SPL8006965,38059362;38063014
6964,SPL8006966,38059363;38060149;38061314
6965,SPL8006967,38059365
6966,SPL8006968,38059366
6967,SPL8006969,38059367
6968,SPL8006970,38059368
6969,SPL8006971,38059369
6970,SPL8006972,38059370
6971,SPL8006973,38059371
6972,SPL8006974,38059372
6973,SPL8006975,38059373
6974,SPL8006976,38059374
6975,SPL8006977,38059376
6976,SPL8006978,38059377
6977,SPL8006979,38059378
6978,SPL8006980,38059383
6979,SPL8006981,38059388
6980,SPL8006982,38059389
6981,SPL8006983,38059400
6982,SPL8006984,38059401
6983,SPL8006985,38059402
6984,SPL8006986,38059404
6985,SPL8006987,38059405
6986,SPL8006988,38059407
6987,SPL8006989,38059408
6988,SPL8006990,38059409
6989,SPL8006991,38059410
6990,SPL8006992,38059411
6991,SPL8006993,38059413
6992,SPL8006994,38059418
6993,SPL8006995,38059419;38061836;38062935;38062991;38063514
6994,SPL8006996,38059420;38061837;38062936;38062992
6995,SPL8006997,38059424
6996,SPL8006998,38059425
6997,SPL8006999,38059426;38062590;38063091
6998,SPL8007000,38059428
6999,SPL8007001,38059429
7000,SPL8007002,38059430
7001,SPL8007003,38059431
7002,SPL8007004,38059432
7003,SPL8007005,38059433
7004,SPL8007006,38059434
7005,SPL8007007,38059436
7006,SPL8007008,38059437
7007,SPL8007009,38059450
7008,SPL8007010,38059451
7009,SPL8007011,38059452
7010,SPL8007012,38059453
7011,SPL8007013,38059454
7012,SPL8007014,38059455
7013,SPL8007015,38059460;38063019
7014,SPL8007016,38059461;38063018
7015,SPL8007017,38059464
7016,SPL8007018,38059465;38063075
7017,SPL8007019,38059466;38063017
7018,SPL8007020,38059468
7019,SPL8007021,38059473
7020,SPL8007022,38059474
7021,SPL8007023,38059475
7022,SPL8007024,38059476;38063092
7023,SPL8007025,38059477
7024,SPL8007026,38059478
7025,SPL8007027,38059480
7026,SPL8007028,38059481
7027,SPL8007029,38059482;38059484;38062001;38067275
7028,SPL8007030,38059486
7029,SPL8007031,38059487
7030,SPL8007032,38059492;38060151;38063637;38067053
7031,SPL8007033,38059514;38063762
7032,SPL8007034,38059516
7033,SPL8007035,38059517
7034,SPL8007036,38059529
7035,SPL8007037,38059530;38061784;38061814
7036,SPL8007038,38059531
7037,SPL8007039,38059532
7038,SPL8007040,38059533
7039,SPL8007041,38059534
7040,SPL8007042,38059535
7041,SPL8007043,38059536
7042,SPL8007044,38059540
7043,SPL8007045,38059541
7044,SPL8007046,38059543
7045,SPL8007047,38059544
7046,SPL8007048,38059545
7047,SPL8007049,38059546
7048,SPL8007050,38059548
7049,SPL8007051,38059553
7050,SPL8007052,38059554
7051,SPL8007053,38059558;38063361
7052,SPL8007054,38059561
7053,SPL8007055,38059563
7054,SPL8007056,38059569
7055,SPL8007057,38059570;38063643
7056,SPL8007058,38059761
7057,SPL8007059,38059762
7058,SPL8007060,38059763
7059,SPL8007061,38059764
7060,SPL8007062,38059765
7061,SPL8007063,38059766
7062,SPL8007064,38059767
7063,SPL8007065,38059770
7064,SPL8007066,38059773;88038186
7065,SPL8007067,38059776;38063020
7066,SPL8007068,38059777;38063021
7067,SPL8007069,38059780
7068,SPL8007070,38059781
7069,SPL8007071,38059782
7070,SPL8007072,38059783
7071,SPL8007073,38059784
7072,SPL8007074,38059785
7073,SPL8007075,38059786
7074,SPL8007076,38059787
7075,SPL8007077,38059788
7076,SPL8007078,38059789
7077,SPL8007079,38059791;38063631
7078,SPL8007080,38059792
7079,SPL8007081,38059793
7080,SPL8007082,38059797
7081,SPL8007083,38059798
7082,SPL8007084,38059800;38064473;38065639
7083,SPL8007085,38059801;38064472;38065640
7084,SPL8007086,38059804
7085,SPL8007087,38059807
7086,SPL8007088,38059809
7087,SPL8007089,38059813
7088,SPL8007090,38059814
7089,SPL8007091,38059815
7090,SPL8007092,38059816;38060581
7091,SPL8007093,38059817
7092,SPL8007094,38059818;38060580
7093,SPL8007095,38059819
7094,SPL8007096,38059820
7095,SPL8007097,38059821
7096,SPL8007098,38059824;38061315
7097,SPL8007099,38059825
7098,SPL8007100,38059863
7099,SPL8007101,38059865
7100,SPL8007102,38059867
7101,SPL8007103,38059869
7102,SPL8007104,38059871
7103,SPL8007105,38059872
7104,SPL8007106,38059873
7105,SPL8007107,38059875
7106,SPL8007108,38059876
7107,SPL8007109,38059877
7108,SPL8007110,38059878
7109,SPL8007111,38059879
7110,SPL8007112,38059880
7111,SPL8007113,38059881
7112,SPL8007114,38059882
7113,SPL8007115,38059883
7114,SPL8007116,38059884
7115,SPL8007117,38059885
7116,SPL8007118,38059887;38061234
7117,SPL8007119,38059889
7118,SPL8007120,38059892
7119,SPL8007121,38059893
7120,SPL8007122,38059894
7121,SPL8007123,38059900
7122,SPL8007124,38059908
7123,SPL8007125,38059909
7124,SPL8007126,38059910
7125,SPL8007127,38059911
7126,SPL8007128,38059917
7127,SPL8007129,38059918
7128,SPL8007130,38059919
7129,SPL8007131,38059923
7130,SPL8007132,38059925
7131,SPL8007133,38059927
7132,SPL8007134,38059928
7133,SPL8007135,38059949
7134,SPL8007136,38059950
7135,SPL8007137,38059951
7136,SPL8007138,38059952
7137,SPL8007139,38060074
7138,SPL8007140,38060075;38060224;38060225
7139,SPL8007141,38060076
7140,SPL8007142,38060077
7141,SPL8007143,38060078
7142,SPL8007144,38060081
7143,SPL8007145,38060082
7144,SPL8007146,38060083
7145,SPL8007147,38060087;38060088;38063420
7146,SPL8007148,38060092;38063445
7147,SPL8007149,38060108
7148,SPL8007150,38060115
7149,SPL8007151,38060117
7150,SPL8007152,38060118
7151,SPL8007153,38060119
7152,SPL8007154,38060121
7153,SPL8007155,38060122
7154,SPL8007156,38060123;38063729
7155,SPL8007157,38060124;38065317
7156,SPL8007158,38060125
7157,SPL8007159,38060126;38065318
7158,SPL8007160,38060133;38062840;38064449
7159,SPL8007161,38060134;38062899;38064443;38065226;38066715
7160,SPL8007162,38060135;38062916;38064445;38065227;38066716
7161,SPL8007163,38060136
7162,SPL8007164,38060137
7163,SPL8007165,38060138
7164,SPL8007166,38060139
7165,SPL8007167,38060140
7166,SPL8007168,38060141
7167,SPL8007169,38060142
7168,SPL8007170,38060143
7169,SPL8007171,38060144
7170,SPL8007172,38060145;38063044
7171,SPL8007173,38060146
7172,SPL8007174,38060147
7173,SPL8007175,38060148
7174,SPL8007176,38060152
7175,SPL8007177,38060153
7176,SPL8007178,38060156;38063574
7177,SPL8007179,38060161
7178,SPL8007180,38060162
7179,SPL8007181,38060163;38061795;38062013;38063411;38063415
7180,SPL8007182,38060164;38062417;38065134;38065149;38066414;38066431
7181,SPL8007183,38060176;38061300;38065213
7182,SPL8007184,38060188
7183,SPL8007185,38060189;38064400
7184,SPL8007186,38060190;38063949;38064401
7185,SPL8007187,38060191;38062584;38065872
7186,SPL8007188,38060193;38062582;38066191
7187,SPL8007189,38060196
7188,SPL8007190,38060220
7189,SPL8007191,38060221
7190,SPL8007192,38060226
7191,SPL8007193,38060227
7192,SPL8007194,38060228
7193,SPL8007195,38060229
7194,SPL8007196,38060230
7195,SPL8007197,38060231;38063022
7196,SPL8007198,38060232;38063026
7197,SPL8007199,38060242
7198,SPL8007200,38060244
7199,SPL8007201,38060250
7200,SPL8007202,38060254
7201,SPL8007203,38060255
7202,SPL8007204,38060256
7203,SPL8007205,38060257
7204,SPL8007206,38060258
7205,SPL8007207,38060259
7206,SPL8007208,38060261
7207,SPL8007209,38060262
7208,SPL8007210,38060360
7209,SPL8007211,38060368
7210,SPL8007212,38060369
7211,SPL8007213,38060373;38061758;38062882;38063375;38064578
7212,SPL8007214,38060374;38062898;38064576
7213,SPL8007215,38060375;38062905;38064580
7214,SPL8007216,38060418
7215,SPL8007217,38060419
7216,SPL8007218,38060421
7217,SPL8007219,38060422
7218,SPL8007220,38060425
7219,SPL8007221,38060426
7220,SPL8007222,38060427
7221,SPL8007223,38060428
7222,SPL8007224,38060429
7223,SPL8007225,38060430
7224,SPL8007226,38060431
7225,SPL8007227,38060432
7226,SPL8007228,38060433
7227,SPL8007229,38060436
7228,SPL8007230,38060450
7229,SPL8007231,38060463;38063042;38065162
7230,SPL8007232,38060464
7231,SPL8007233,38060465
7232,SPL8007234,38060466
7233,SPL8007235,38060468
7234,SPL8007236,38060469
7235,SPL8007237,38060470;38062568
7236,SPL8007238,38060471
7237,SPL8007239,38060472
7238,SPL8007240,38060474
7239,SPL8007241,38060475
7240,SPL8007242,38060476
7241,SPL8007243,38060479
7242,SPL8007244,38060480
7243,SPL8007245,38060481
7244,SPL8007246,38060482
7245,SPL8007247,38060483;38063162
7246,SPL8007248,38060484;38062055
7247,SPL8007249,38060485
7248,SPL8007250,38060486;38062057
7249,SPL8007251,38060489;38062228;38062229
7250,SPL8007252,38060490
7251,SPL8007253,38060491
7252,SPL8007254,38060492;38063924
7253,SPL8007255,38060493;38063921
7254,SPL8007256,38060494;38063928;38064479
7255,SPL8007257,38060495;38063923
7256,SPL8007258,38060496;38063920
7257,SPL8007259,38060497;38063927
7258,SPL8007260,38060498;38063929
7259,SPL8007261,38060508
7260,SPL8007262,38060509;38063160
7261,SPL8007263,38060510;38063173
7262,SPL8007264,38060511;38063172
7263,SPL8007265,38060512;38063171
7264,SPL8007266,38060513;38063168
7265,SPL8007267,38060514;38063167
7266,SPL8007268,38060515;38063169
7267,SPL8007269,38060516;38063166
7268,SPL8007270,38060517;38063170
7269,SPL8007271,38060518;38063165
7270,SPL8007272,38060519;38063164
7271,SPL8007273,38060520
7272,SPL8007274,38060521
7273,SPL8007275,38060522
7274,SPL8007276,38060523
7275,SPL8007277,38060524
7276,SPL8007278,38060525
7277,SPL8007279,38060526
7278,SPL8007280,38060527
7279,SPL8007281,38060530
7280,SPL8007282,38060533;38062607
7281,SPL8007283,38060550
7282,SPL8007284,38060551
7283,SPL8007285,38060552
7284,SPL8007286,38060553
7285,SPL8007287,38060554
7286,SPL8007288,38060555
7287,SPL8007289,38060556
7288,SPL8007290,38060557
7289,SPL8007291,38060558
7290,SPL8007292,38060559
7291,SPL8007293,38060560
7292,SPL8007294,38060563;38063023
7293,SPL8007295,38060564;38063053
7294,SPL8007296,38060566
7295,SPL8007297,38060567
7296,SPL8007298,38060568
7297,SPL8007299,38060569
7298,SPL8007300,38060570
7299,SPL8007301,38060571;38061770
7300,SPL8007302,38060572
7301,SPL8007303,38060573
7302,SPL8007304,38060574;38061769
7303,SPL8007305,38060575;38062598
7304,SPL8007306,38060576
7305,SPL8007307,38060577;38062937
7306,SPL8007308,38060578;38062938
7307,SPL8007309,38060579
7308,SPL8007310,38060582
7309,SPL8007311,38060584
7310,SPL8007312,38060586
7311,SPL8007313,38060587
7312,SPL8007314,38060588
7313,SPL8007315,38060589
7314,SPL8007316,38060590
7315,SPL8007317,38060592
7316,SPL8007318,38060593
7317,SPL8007319,38060594
7318,SPL8007320,38060595
7319,SPL8007321,38060597
7320,SPL8007322,38060598
7321,SPL8007323,38060599
7322,SPL8007324,38060600
7323,SPL8007325,38060601
7324,SPL8007326,38060602;38062214;38062501
7325,SPL8007327,38060603
7326,SPL8007328,38060604
7327,SPL8007329,38060605
7328,SPL8007330,38060606
7329,SPL8007331,38060607
7330,SPL8007332,38060608
7331,SPL8007333,38060609
7332,SPL8007334,38060610
7333,SPL8007335,38060611
7334,SPL8007336,38060612
7335,SPL8007337,38060613
7336,SPL8007338,38060614
7337,SPL8007339,38060615
7338,SPL8007340,38060616
7339,SPL8007341,38060617
7340,SPL8007342,38060618
7341,SPL8007343,38060619
7342,SPL8007344,38060620
7343,SPL8007345,38060621
7344,SPL8007346,38060622
7345,SPL8007347,38060623
7346,SPL8007348,38060624
7347,SPL8007349,38060625
7348,SPL8007350,38060626
7349,SPL8007351,38060627
7350,SPL8007352,38060628
7351,SPL8007353,38060629
7352,SPL8007354,38060630
7353,SPL8007355,38060631
7354,SPL8007356,38060632
7355,SPL8007357,38060633
7356,SPL8007358,38060634
7357,SPL8007359,38060635
7358,SPL8007360,38060636
7359,SPL8007361,38060637
7360,SPL8007362,38060638
7361,SPL8007363,38060639
7362,SPL8007364,38060904
7363,SPL8007365,38060905;38063919
7364,SPL8007366,38060906;38060907;38062847;38062848
7365,SPL8007367,38060908;38062849
7366,SPL8007368,38060909
7367,SPL8007369,38060911
7368,SPL8007370,38060913
7369,SPL8007371,38060914
7370,SPL8007372,38060915
7371,SPL8007373,38060916
7372,SPL8007374,38060917
7373,SPL8007375,38060918
7374,SPL8007376,38060919;38062513
7375,SPL8007377,38060925
7376,SPL8007378,38060926
7377,SPL8007379,38060927
7378,SPL8007380,38060932
7379,SPL8007381,38060933
7380,SPL8007382,38060934;38063027
7381,SPL8007383,38060935;38063029
7382,SPL8007384,38060936
7383,SPL8007385,38060943
7384,SPL8007386,38060949
7385,SPL8007387,38060950
7386,SPL8007388,38060959
7387,SPL8007389,38060960
7388,SPL8007390,38061015;38063225
7389,SPL8007391,38061016
7390,SPL8007392,38061020
7391,SPL8007393,38061028
7392,SPL8007394,38061029;38063231
7393,SPL8007395,38061030;38063238
7394,SPL8007396,38061031;38063243
7395,SPL8007397,38061032
7396,SPL8007398,38061034
7397,SPL8007399,38061035
7398,SPL8007400,38061036;38063056
7399,SPL8007401,38061040
7400,SPL8007402,38061041
7401,SPL8007403,38061042
7402,SPL8007404,38061052;38061980;38062567
7403,SPL8007405,38061053
7404,SPL8007406,38061146
7405,SPL8007407,38061149
7406,SPL8007408,38061150
7407,SPL8007409,38061151
7408,SPL8007410,38061163
7409,SPL8007411,38061164
7410,SPL8007412,38061165
7411,SPL8007413,38061166
7412,SPL8007414,38061167
7413,SPL8007415,38061168
7414,SPL8007416,38061169
7415,SPL8007417,38061170
7416,SPL8007418,38061171
7417,SPL8007419,38061172;38062299
7418,SPL8007420,38061173
7419,SPL8007421,38061174
7420,SPL8007422,38061175
7421,SPL8007423,38061177
7422,SPL8007424,38061178
7423,SPL8007425,38061179
7424,SPL8007426,38061180
7425,SPL8007427,38061181
7426,SPL8007428,38061182
7427,SPL8007429,38061183
7428,SPL8007430,38061184
7429,SPL8007431,38061186
7430,SPL8007432,38061193
7431,SPL8007433,38061194
7432,SPL8007434,38061195
7433,SPL8007435,38061197;38062274;38062415;38063696;38065636
7434,SPL8007436,38061198;38063426
7435,SPL8007437,38061200;38064056
7436,SPL8007438,38061201;38064062
7437,SPL8007439,38061202;38064061
7438,SPL8007440,38061203;38064063
7439,SPL8007441,38061204;38064046
7440,SPL8007442,38061205;38064048
7441,SPL8007443,38061206;38064049
7442,SPL8007444,38061207;38064047
7443,SPL8007445,38061208;38064044
7444,SPL8007446,38061209;38064045
7445,SPL8007447,38061212;38064075
7446,SPL8007448,38061213;38064078
7447,SPL8007449,38061214;38064077
7448,SPL8007450,38061215;38064076
7449,SPL8007451,38061216;38064040
7450,SPL8007452,38061217;38064041
7451,SPL8007453,38061218;38064042
7452,SPL8007454,38061219;38064043
7453,SPL8007455,38061220;38064058
7454,SPL8007456,38061221;38064060
7455,SPL8007457,38061222;38064059
7456,SPL8007458,38061223;38064050
7457,SPL8007459,38061224;38064051
7458,SPL8007460,38061225;38064054
7459,SPL8007461,38061226;38064055
7460,SPL8007462,38061227;38064052
7461,SPL8007463,38061228;38064053
7462,SPL8007464,38061229;38064057
7463,SPL8007465,38061230;38064070
7464,SPL8007466,38061231;38064069
7465,SPL8007467,38061232
7466,SPL8007468,38061235
7467,SPL8007469,38061236
7468,SPL8007470,38061237
7469,SPL8007471,38061238
7470,SPL8007472,38061239
7471,SPL8007473,38061240
7472,SPL8007474,38061241
7473,SPL8007475,38061242
7474,SPL8007476,38061243
7475,SPL8007477,38061244
7476,SPL8007478,38061245
7477,SPL8007479,38061246
7478,SPL8007480,38061247
7479,SPL8007481,38061248
7480,SPL8007482,38061249
7481,SPL8007483,38061250
7482,SPL8007484,38061251
7483,SPL8007485,38061252
7484,SPL8007486,38061253
7485,SPL8007487,38061254
7486,SPL8007488,38061255
7487,SPL8007489,38061256
7488,SPL8007490,38061257
7489,SPL8007491,38061258
7490,SPL8007492,38061259
7491,SPL8007493,38061260
7492,SPL8007494,38061261
7493,SPL8007495,38061262
7494,SPL8007496,38061263
7495,SPL8007497,38061264
7496,SPL8007498,38061265
7497,SPL8007499,38061266
7498,SPL8007500,38061267
7499,SPL8007501,38061268
7500,SPL8007502,38061269
7501,SPL8007503,38061270
7502,SPL8007504,38061271;38064483
7503,SPL8007505,38061272;38064391
7504,SPL8007506,38061273;38062909
7505,SPL8007507,38061274;38062912
7506,SPL8007508,38061285;38062418;38065135;38065150;38066415;38066432
7507,SPL8007509,38061289;38064067
7508,SPL8007510,38061290;38064066
7509,SPL8007511,38061291;38064068
7510,SPL8007512,38061292;38064072
7511,SPL8007513,38061293;38064074
7512,SPL8007514,38061294;38064071
7513,SPL8007515,38061295;38064073
7514,SPL8007516,38061297
7515,SPL8007517,38061298
7516,SPL8007518,38061299
7517,SPL8007519,38061301;38063910;38063911;38065214
7518,SPL8007520,38061308
7519,SPL8007521,38061309
7520,SPL8007522,38061310
7521,SPL8007523,38061317;38063757;38067225
7522,SPL8007524,38061318;38062946;38064115;38064133;38066746
7523,SPL8007525,38061319;38062947;38064116;38064134;38066753
7524,SPL8007526,38061320;38063028
7525,SPL8007527,38061321;38062865
7526,SPL8007528,38061322;38061886;38062942;38063382;38064111;38064129;38064563;38066734
7527,SPL8007529,38061323;38061884;38062943;38063380;38064112;38064130;38064561;38066745
7528,SPL8007530,38061324;38061885;38062944;38063381;38064113;38064131;38064562;38066752
7529,SPL8007531,38061325;38062945;38064114;38064132;38066735
7530,SPL8007532,38061327;38062939;38064126;38064554;38066759
7531,SPL8007533,38061328;38062940;38064127;38064555;38066769
7532,SPL8007534,38061329;38062941;38064128;38064556;38066774
7533,SPL8007535,38061330
7534,SPL8007536,38061331
7535,SPL8007537,38061332
7536,SPL8007538,38061333;38061334
7537,SPL8007539,38061336
7538,SPL8007540,38061515
7539,SPL8007541,38061516
7540,SPL8007542,38061722;38062955;38064119;38064140;38064567;38066749
7541,SPL8007543,38061729
7542,SPL8007544,38061730
7543,SPL8007545,38061731
7544,SPL8007546,38061732
7545,SPL8007547,38061733
7546,SPL8007548,38061743
7547,SPL8007549,38061744
7548,SPL8007550,38061749
7549,SPL8007551,38061750
7550,SPL8007552,38061751
7551,SPL8007553,38061756;38063576
7552,SPL8007554,38061762
7553,SPL8007555,38061763
7554,SPL8007556,38061764
7555,SPL8007557,38061765
7556,SPL8007558,38061766
7557,SPL8007559,38061767;38062969
7558,SPL8007560,38061768
7559,SPL8007561,38061773
7560,SPL8007562,38061775
7561,SPL8007563,38061776
7562,SPL8007564,38061778;38062967
7563,SPL8007565,38061779;38062968
7564,SPL8007566,38061780
7565,SPL8007567,38061809
7566,SPL8007568,38061812
7567,SPL8007569,38061813
7568,SPL8007570,38061815
7569,SPL8007571,38061816;38063035
7570,SPL8007572,38061829
7571,SPL8007573,38061830;38063118
7572,SPL8007574,38061839;38063119
7573,SPL8007575,38061840;38063085
7574,SPL8007576,38061841;38063084
7575,SPL8007577,38061842;38063086
7576,SPL8007578,38061843;38063089
7577,SPL8007579,38061844;38063096
7578,SPL8007580,38061845;38063120
7579,SPL8007581,38061846;38063097
7580,SPL8007582,38061847;38063098
7581,SPL8007583,38061848;38063099
7582,SPL8007584,38061849;38063100
7583,SPL8007585,38061850;38063101
7584,SPL8007586,38061851;38063102
7585,SPL8007587,38061852;38063103
7586,SPL8007588,38061853;38063104
7587,SPL8007589,38061854;38063117
7588,SPL8007590,38061855;38063107
7589,SPL8007591,38061856;38063108
7590,SPL8007592,38061857;38063111
7591,SPL8007593,38061858;38063121
7592,SPL8007594,38061859;38063087
7593,SPL8007595,38061860;38063110
7594,SPL8007596,38061861;38063122
7595,SPL8007597,38061862;38063031
7596,SPL8007598,38061863;38063032
7597,SPL8007599,38061864;38062479;38062864
7598,SPL8007600,38061865;38063105
7599,SPL8007601,38061866;38063106
7600,SPL8007602,38061867
7601,SPL8007603,38061868
7602,SPL8007604,38061869
7603,SPL8007605,38061870
7604,SPL8007606,38061871
7605,SPL8007607,38061873;38063271
7606,SPL8007608,38061874;38063267
7607,SPL8007609,38061877;38063316;38064176
7608,SPL8007610,38061879;38063073
7609,SPL8007611,38061880
7610,SPL8007612,38061881
7611,SPL8007613,38061882
7612,SPL8007614,38061883
7613,SPL8007615,38061890
7614,SPL8007616,38061891;38062922;38066644;38066713
7615,SPL8007617,38061892;38062927;38066708
7616,SPL8007618,38061901;38063311
7617,SPL8007619,38061902;38063095
7618,SPL8007620,38061903;38063094
7619,SPL8007621,38061904;38063093
7620,SPL8007622,38061905;38063088
7621,SPL8007623,38061906;38063116
7622,SPL8007624,38061907;38063109
7623,SPL8007625,38061908;38063123
7624,SPL8007626,38061909;38063137
7625,SPL8007627,38061911;38063112
7626,SPL8007628,38061912;38063114
7627,SPL8007629,38061913;38063115
7628,SPL8007630,38061915
7629,SPL8007631,38061916
7630,SPL8007632,38061917
7631,SPL8007633,38061919;38062058
7632,SPL8007634,38061920
7633,SPL8007635,38061921
7634,SPL8007636,38061923
7635,SPL8007637,38061924
7636,SPL8007638,38061925
7637,SPL8007639,38061926
7638,SPL8007640,38061927
7639,SPL8007641,38061928
7640,SPL8007642,38061929
7641,SPL8007643,38061931
7642,SPL8007644,38061932
7643,SPL8007645,38061934
7644,SPL8007646,38061940
7645,SPL8007647,38061942;38061950;38062857;38062867
7646,SPL8007648,38061943;38061951;38062858;38062868
7647,SPL8007649,38061944;38061952;38062859;38062869;38063362
7648,SPL8007650,38061945;38061953;38062860;38062870;38063363
7649,SPL8007651,38061947;38062862
7650,SPL8007652,38061948;38061954;38062863;38062872;38063367
7651,SPL8007653,38061949;38062866
7652,SPL8007654,38061956
7653,SPL8007655,38061958;38063385
7654,SPL8007656,38061959;38063383
7655,SPL8007657,38061960;38063384
7656,SPL8007658,38061961;38063379
7657,SPL8007659,38061964;38062994
7658,SPL8007660,38061965;38062995
7659,SPL8007661,38061966;38062996
7660,SPL8007662,38061969;38062372
7661,SPL8007663,38061973
7662,SPL8007664,38061975
7663,SPL8007665,38061976
7664,SPL8007666,38061981
7665,SPL8007667,38061983
7666,SPL8007668,38061984
7667,SPL8007669,38061985
7668,SPL8007670,38061986
7669,SPL8007671,38061987
7670,SPL8007672,38061988
7671,SPL8007673,38061989
7672,SPL8007674,38061990
7673,SPL8007675,38061991
7674,SPL8007676,38061992
7675,SPL8007677,38061997
7676,SPL8007678,38061998
7677,SPL8007679,38062008;38065218
7678,SPL8007680,38062009;38063001
7679,SPL8007681,38062011
7680,SPL8007682,38062012
7681,SPL8007683,38062052
7682,SPL8007684,38062054
7683,SPL8007685,38062056
7684,SPL8007686,38062059
7685,SPL8007687,38062063;38063129
7686,SPL8007688,38062064;38063136
7687,SPL8007689,38062065;38063126
7688,SPL8007690,38062066;38063125
7689,SPL8007691,38062067;38063135
7690,SPL8007692,38062068;38063132
7691,SPL8007693,38062069;38063130
7692,SPL8007694,38062070;38063733
7693,SPL8007695,38062073;38063127
7694,SPL8007696,38062074;38063133
7695,SPL8007697,38062075;38063131
7696,SPL8007698,38062076;38063134
7697,SPL8007699,38062077
7698,SPL8007700,38062197;38063138
7699,SPL8007701,38062198;38063124
7700,SPL8007702,38062202
7701,SPL8007703,38062204;38062997
7702,SPL8007704,38062205;38062998
7703,SPL8007705,38062206;38062999
7704,SPL8007706,38062207;38063082
7705,SPL8007707,38062208;38063083
7706,SPL8007708,38062210
7707,SPL8007709,38062211
7708,SPL8007710,38062212;38063128
7709,SPL8007711,38062218;38063720
7710,SPL8007712,38062219;38063719
7711,SPL8007713,38062220;38063723
7712,SPL8007714,38062221;38063721
7713,SPL8007715,38062222;38063722
7714,SPL8007716,38062223;38063716
7715,SPL8007717,38062224;38063386
7716,SPL8007718,38062226
7717,SPL8007719,38062227;38062591;38063024
7718,SPL8007720,38062230
7719,SPL8007721,38062231;38062907;38066714
7720,SPL8007722,38062232;38063030
7721,SPL8007723,38062233
7722,SPL8007724,38062243
7723,SPL8007725,38062244;38062841;38065171
7724,SPL8007726,38062245;38062900;38065169;38066717
7725,SPL8007727,38062246;38062917;38065170;38066718
7726,SPL8007728,38062248
7727,SPL8007729,38062249;38063013;38064179
7728,SPL8007730,38062260;38062871;38063365
7729,SPL8007731,38062268;38063417
7730,SPL8007732,38062269
7731,SPL8007733,38062275;38062416;38063431;38063697;38065516
7732,SPL8007734,38062280
7733,SPL8007735,38062281
7734,SPL8007736,38062282
7735,SPL8007737,38062283
7736,SPL8007738,38062284
7737,SPL8007739,38062285
7738,SPL8007740,38062286
7739,SPL8007741,38062287
7740,SPL8007742,38062288
7741,SPL8007743,38062289
7742,SPL8007744,38062290
7743,SPL8007745,38062291
7744,SPL8007746,38062292
7745,SPL8007747,38062293
7746,SPL8007748,38062294
7747,SPL8007749,38062295
7748,SPL8007750,38062296
7749,SPL8007751,38062297
7750,SPL8007752,38062298
7751,SPL8007753,38062300
7752,SPL8007754,38062301;38063413
7753,SPL8007755,38062304;38063435
7754,SPL8007756,38062313
7755,SPL8007757,38062315
7756,SPL8007758,38062316
7757,SPL8007759,38062317;38063163
7758,SPL8007760,38062318
7759,SPL8007761,38062320;38063113
7760,SPL8007762,38062321
7761,SPL8007763,38062322
7762,SPL8007764,38062323
7763,SPL8007765,38062324
7764,SPL8007766,38062328
7765,SPL8007767,38062329
7766,SPL8007768,38062330
7767,SPL8007769,38062331
7768,SPL8007770,38062332
7769,SPL8007771,38062333
7770,SPL8007772,38062334
7771,SPL8007773,38062335
7772,SPL8007774,38062336
7773,SPL8007775,38062337
7774,SPL8007776,38062338
7775,SPL8007777,38062339
7776,SPL8007778,38062340
7777,SPL8007779,38062341
7778,SPL8007780,38062342
7779,SPL8007781,38062343
7780,SPL8007782,38062344
7781,SPL8007783,38062345
7782,SPL8007784,38062346
7783,SPL8007785,38062347
7784,SPL8007786,38062348
7785,SPL8007787,38062349
7786,SPL8007788,38062350
7787,SPL8007789,38062351
7788,SPL8007790,38062352
7789,SPL8007791,38062353
7790,SPL8007792,38062354
7791,SPL8007793,38062355
7792,SPL8007794,38062356
7793,SPL8007795,38062357
7794,SPL8007796,38062358
7795,SPL8007797,38062360;38063179
7796,SPL8007798,38062361;38063180
7797,SPL8007799,38062362;38063178
7798,SPL8007800,38062363;38063175
7799,SPL8007801,38062364;38063177
7800,SPL8007802,38062365;38063181
7801,SPL8007803,38062366;38063185
7802,SPL8007804,38062367;38063176
7803,SPL8007805,38062368;38063184
7804,SPL8007806,38062369;38063183
7805,SPL8007807,38062370;38063174
7806,SPL8007808,38062371;38063182
7807,SPL8007809,38062374
7808,SPL8007810,38062375
7809,SPL8007811,38062390;38062850;38065310
7810,SPL8007812,38062408
7811,SPL8007813,38062409;38063161
7812,SPL8007814,38062410
7813,SPL8007815,38062411;38063684;38065631
7814,SPL8007816,38062412;38063685;38065632
7815,SPL8007817,38062414;38063695;38065635
7816,SPL8007818,38062419
7817,SPL8007819,38062421
7818,SPL8007820,38062422;38067361;38067504
7819,SPL8007821,38062423
7820,SPL8007822,38062424
7821,SPL8007823,38062425
7822,SPL8007824,38062426
7823,SPL8007825,38062427
7824,SPL8007826,38062434
7825,SPL8007827,38062436
7826,SPL8007828,38062437
7827,SPL8007829,38062438
7828,SPL8007830,38062439
7829,SPL8007831,38062440
7830,SPL8007832,38062452
7831,SPL8007833,38062458
7832,SPL8007834,38062459
7833,SPL8007835,38062460
7834,SPL8007836,38062462
7835,SPL8007837,38062463
7836,SPL8007838,38062464
7837,SPL8007839,38062465
7838,SPL8007840,38062466
7839,SPL8007841,38062467
7840,SPL8007842,38062468
7841,SPL8007843,38062469;38062490
7842,SPL8007844,38062470
7843,SPL8007845,38062471
7844,SPL8007846,38062472
7845,SPL8007847,38062473
7846,SPL8007848,38062474
7847,SPL8007849,38062475
7848,SPL8007850,38062476
7849,SPL8007851,38062477
7850,SPL8007852,38062480
7851,SPL8007853,38062481
7852,SPL8007854,38062482
7853,SPL8007855,38062484
7854,SPL8007856,38062486
7855,SPL8007857,38062487
7856,SPL8007858,38062488
7857,SPL8007859,38062489
7858,SPL8007860,38062491
7859,SPL8007861,38062492
7860,SPL8007862,38062493
7861,SPL8007863,38062494
7862,SPL8007864,38062495
7863,SPL8007865,38062508;38063002
7864,SPL8007866,38062509;38063003
7865,SPL8007867,38062510;38063004
7866,SPL8007868,38062516
7867,SPL8007869,38062529
7868,SPL8007870,38062530
7869,SPL8007871,38062531
7870,SPL8007872,38062532
7871,SPL8007873,38062538
7872,SPL8007874,38062540
7873,SPL8007875,38062541
7874,SPL8007876,38062546
7875,SPL8007877,38062547
7876,SPL8007878,38062548
7877,SPL8007879,38062550
7878,SPL8007880,38062551;38062578;38066190
7879,SPL8007881,38062552
7880,SPL8007882,38062553;38066099
7881,SPL8007883,38062554;38065561
7882,SPL8007884,38062555;38066543
7883,SPL8007885,38062556;38066544
7884,SPL8007886,38062557
7885,SPL8007887,38062558
7886,SPL8007888,38062565;38063288
7887,SPL8007889,38062569;38063360;38066616
7888,SPL8007890,38062570
7889,SPL8007891,38062571
7890,SPL8007892,38062572
7891,SPL8007893,38062573
7892,SPL8007894,38062574
7893,SPL8007895,38062575
7894,SPL8007896,38062576
7895,SPL8007897,38062577
7896,SPL8007898,38062583;38066192
7897,SPL8007899,38062585;38065873
7898,SPL8007900,38062586;38066435
7899,SPL8007901,38062587
7900,SPL8007902,38062599;38065062
7901,SPL8007903,38062602
7902,SPL8007904,38062610;38063270
7903,SPL8007905,38062611;38063276
7904,SPL8007906,38062612;38063277
7905,SPL8007907,38062617;38064163
7906,SPL8007908,38062618;38064165
7907,SPL8007909,38062619;38063343
7908,SPL8007910,38062620;38063260
7909,SPL8007911,38062621;38063268
7910,SPL8007912,38062622;38063272
7911,SPL8007913,38062623
7912,SPL8007914,38062624;38063141
7913,SPL8007915,38062625;38063140
7914,SPL8007916,38062626;38063139
7915,SPL8007917,38062627;38063150
7916,SPL8007918,38062628;38063144
7917,SPL8007919,38062629;38063155
7918,SPL8007920,38062630;38063148
7919,SPL8007921,38062631;38063147
7920,SPL8007922,38062632;38063146
7921,SPL8007923,38062633;38063145
7922,SPL8007924,38062634;38063153
7923,SPL8007925,38062635;38063154
7924,SPL8007926,38062636;38063152
7925,SPL8007927,38062637;38063143
7926,SPL8007928,38062638;38063142
7927,SPL8007929,38062639;38063151
7928,SPL8007930,38062640;38063149
7929,SPL8007931,38062643
7930,SPL8007932,38062644
7931,SPL8007933,38062647;38065125;38065141;38066405;38066422
7932,SPL8007934,38062652
7933,SPL8007935,38062654
7934,SPL8007936,38062660
7935,SPL8007937,38062662
7936,SPL8007938,38062663
7937,SPL8007939,38062664
7938,SPL8007940,38062665
7939,SPL8007941,38062666
7940,SPL8007942,38062667
7941,SPL8007943,38062668
7942,SPL8007944,38062669
7943,SPL8007945,38062670
7944,SPL8007946,38062671
7945,SPL8007947,38062673;38065314
7946,SPL8007948,38062674;38065312
7947,SPL8007949,38062675;38065315
7948,SPL8007950,38062676;38065313
7949,SPL8007951,38062744
7950,SPL8007952,38062745
7951,SPL8007953,38062746
7952,SPL8007954,38062747
7953,SPL8007955,38062748
7954,SPL8007956,38062749
7955,SPL8007957,38062750
7956,SPL8007958,38062751
7957,SPL8007959,38062752
7958,SPL8007960,38062753
7959,SPL8007961,38062754
7960,SPL8007962,38062755
7961,SPL8007963,38062756
7962,SPL8007964,38062757
7963,SPL8007965,38062758
7964,SPL8007966,38062759
7965,SPL8007967,38062760
7966,SPL8007968,38062761
7967,SPL8007969,38062762
7968,SPL8007970,38062763
7969,SPL8007971,38062764
7970,SPL8007972,38062765
7971,SPL8007973,38062766
7972,SPL8007974,38062767
7973,SPL8007975,38062768
7974,SPL8007976,38062769
7975,SPL8007977,38062770
7976,SPL8007978,38062771
7977,SPL8007979,38062772
7978,SPL8007980,38062773
7979,SPL8007981,38062774
7980,SPL8007982,38062775
7981,SPL8007983,38062776
7982,SPL8007984,38062777
7983,SPL8007985,38062778
7984,SPL8007986,38062779
7985,SPL8007987,38062780
7986,SPL8007988,38062781
7987,SPL8007989,38062782
7988,SPL8007990,38062783
7989,SPL8007991,38062784
7990,SPL8007992,38062785
7991,SPL8007993,38062786
7992,SPL8007994,38062787
7993,SPL8007995,38062788
7994,SPL8007996,38062789
7995,SPL8007997,38062790
7996,SPL8007998,38062791
7997,SPL8007999,38062792
7998,SPL8008000,38062793
7999,SPL8008001,38062794
8000,SPL8008002,38062795
8001,SPL8008003,38062796
8002,SPL8008004,38062797
8003,SPL8008005,38062798
8004,SPL8008006,38062799
8005,SPL8008007,38062800
8006,SPL8008008,38062801
8007,SPL8008009,38062802
8008,SPL8008010,38062803
8009,SPL8008011,38062804
8010,SPL8008012,38062805
8011,SPL8008013,38062806
8012,SPL8008014,38062807
8013,SPL8008015,38062808
8014,SPL8008016,38062811
8015,SPL8008017,38062812
8016,SPL8008018,38062813
8017,SPL8008019,38062816
8018,SPL8008020,38062817
8019,SPL8008021,38063000
8020,SPL8008022,38063320
8021,SPL8008023,38063321
8022,SPL8008024,38063322
8023,SPL8008025,38063323
8024,SPL8008026,38063324
8025,SPL8008027,38063325
8026,SPL8008028,38063326
8027,SPL8008029,38063329
8028,SPL8008030,38063330
8029,SPL8008031,38063332
8030,SPL8008032,38063333
8031,SPL8008033,38063334
8032,SPL8008034,38063336
8033,SPL8008035,38063337
8034,SPL8008036,38063338
8035,SPL8008037,38063339
8036,SPL8008038,38063340
8037,SPL8008039,38063342
8038,SPL8008040,38063344
8039,SPL8008041,38063348
8040,SPL8008042,38063349
8041,SPL8008043,38063351
8042,SPL8008044,38063352
8043,SPL8008045,38063353
8044,SPL8008046,38063354
8045,SPL8008047,38063355
8046,SPL8008048,38063356
8047,SPL8008049,38063357
8048,SPL8008050,38063358
8049,SPL8008051,38063359
8050,SPL8008052,38063366
8051,SPL8008053,38063387
8052,SPL8008054,38063399
8053,SPL8008055,38063409
8054,SPL8008056,38063430
8055,SPL8008057,38063437
8056,SPL8008058,38063438
8057,SPL8008059,38063447
8058,SPL8008060,38063449
8059,SPL8008061,38063450
8060,SPL8008062,38063479
8061,SPL8008063,38063488
8062,SPL8008064,38063490
8063,SPL8008065,38063491
8064,SPL8008066,38063492
8065,SPL8008067,38063493
8066,SPL8008068,38063494
8067,SPL8008069,38063504
8068,SPL8008070,38063505
8069,SPL8008071,38063515;38066744
8070,SPL8008072,38063516;38066748
8071,SPL8008073,38063519;38063533;38066764
8072,SPL8008074,38063521;38063535;38066771
8073,SPL8008075,38063522;38063536;38066772
8074,SPL8008076,38063523;38063537;38066777
8075,SPL8008077,38063525;38063539;38066740
8076,SPL8008078,38063527;38063547;38066747
8077,SPL8008079,38063528;38063548;38066750
8078,SPL8008080,38063532;38065335;38065347;38065499;38065503
8079,SPL8008081,38063534;38065337;38065349;38065500;38065504
8080,SPL8008082,38063538;38065341;38065353;38065501;38065505
8081,SPL8008083,38063540;38065343;38065355;38065502;38065506
8082,SPL8008084,38063541
8083,SPL8008085,38063542;38066719
8084,SPL8008086,38063543;38066720
8085,SPL8008087,38063546;38066766
8086,SPL8008088,38063571
8087,SPL8008089,38063572
8088,SPL8008090,38063573
8089,SPL8008091,38063577
8090,SPL8008092,38063644;38064513;38064531;38066566
8091,SPL8008093,38063645;38064198
8092,SPL8008094,38063646;38064199
8093,SPL8008095,38063647
8094,SPL8008096,38063648
8095,SPL8008097,38063650
8096,SPL8008098,38063651;38064189
8097,SPL8008099,38063652
8098,SPL8008100,38063654;38064190
8099,SPL8008101,38063655
8100,SPL8008102,38063712
8101,SPL8008103,38063713
8102,SPL8008104,38063715
8103,SPL8008105,38063730
8104,SPL8008106,38063731
8105,SPL8008107,38063734
8106,SPL8008108,38063741
8107,SPL8008109,38063742
8108,SPL8008110,38063753;38065517;38067224
8109,SPL8008111,38063754
8110,SPL8008112,38063755
8111,SPL8008113,38063756
8112,SPL8008114,38063763;38065509;38067221;38067524
8113,SPL8008115,38063764;38065511;38067222
8114,SPL8008116,38063765;38065515;38067223;38067528
8115,SPL8008117,38063766
8116,SPL8008118,38063767
8117,SPL8008119,38063768
8118,SPL8008120,38063769
8119,SPL8008121,38063770
8120,SPL8008122,38063771
8121,SPL8008123,38063772
8122,SPL8008124,38063773
8123,SPL8008125,38063774
8124,SPL8008126,38063775
8125,SPL8008127,38063776
8126,SPL8008128,38063777
8127,SPL8008129,38063778
8128,SPL8008130,38063779
8129,SPL8008131,38063780
8130,SPL8008132,38063781
8131,SPL8008133,38063782
8132,SPL8008134,38063783
8133,SPL8008135,38063784
8134,SPL8008136,38063785
8135,SPL8008137,38063786
8136,SPL8008138,38063787
8137,SPL8008139,38063788
8138,SPL8008140,38063789
8139,SPL8008141,38063790
8140,SPL8008142,38063791
8141,SPL8008143,38063792
8142,SPL8008144,38063793
8143,SPL8008145,38063798
8144,SPL8008146,38063799
8145,SPL8008147,38063800
8146,SPL8008148,38063801
8147,SPL8008149,38063802;38063979
8148,SPL8008150,38063803;38064009;38064349
8149,SPL8008151,38063804;38063981;38064348
8150,SPL8008152,38063805
8151,SPL8008153,38063807
8152,SPL8008154,38063808
8153,SPL8008155,38063809;38064008;38064345
8154,SPL8008156,38063810;38063978;38064346
8155,SPL8008157,38063811
8156,SPL8008158,38063812
8157,SPL8008159,38063813
8158,SPL8008160,38063814
8159,SPL8008161,38063816
8160,SPL8008162,38063817
8161,SPL8008163,38063818
8162,SPL8008164,38063819
8163,SPL8008165,38063820
8164,SPL8008166,38063821
8165,SPL8008167,38063822
8166,SPL8008168,38063823
8167,SPL8008169,38063824
8168,SPL8008170,38063825
8169,SPL8008171,38063826
8170,SPL8008172,38063827
8171,SPL8008173,38063828
8172,SPL8008174,38063829
8173,SPL8008175,38063830
8174,SPL8008176,38063831
8175,SPL8008177,38063832
8176,SPL8008178,38063833
8177,SPL8008179,38063834
8178,SPL8008180,38063835
8179,SPL8008181,38063836
8180,SPL8008182,38063837
8181,SPL8008183,38063838
8182,SPL8008184,38063839
8183,SPL8008185,38063840
8184,SPL8008186,38063841
8185,SPL8008187,38063842
8186,SPL8008188,38063843
8187,SPL8008189,38063844
8188,SPL8008190,38063845
8189,SPL8008191,38063846
8190,SPL8008192,38063847
8191,SPL8008193,38063848
8192,SPL8008194,38063849
8193,SPL8008195,38063850
8194,SPL8008196,38063851
8195,SPL8008197,38063852
8196,SPL8008198,38063853
8197,SPL8008199,38063854
8198,SPL8008200,38063855
8199,SPL8008201,38063856
8200,SPL8008202,38063857
8201,SPL8008203,38063858
8202,SPL8008204,38063859
8203,SPL8008205,38063860
8204,SPL8008206,38063861
8205,SPL8008207,38063862
8206,SPL8008208,38063863
8207,SPL8008209,38063864
8208,SPL8008210,38063865
8209,SPL8008211,38063866
8210,SPL8008212,38063867
8211,SPL8008213,38063868
8212,SPL8008214,38063869
8213,SPL8008215,38063870
8214,SPL8008216,38063871
8215,SPL8008217,38063872
8216,SPL8008218,38063873
8217,SPL8008219,38063874
8218,SPL8008220,38063875
8219,SPL8008221,38063876
8220,SPL8008222,38063877
8221,SPL8008223,38063880
8222,SPL8008224,38063881
8223,SPL8008225,38063883
8224,SPL8008226,38063884
8225,SPL8008227,38063885
8226,SPL8008228,38063886
8227,SPL8008229,38063887
8228,SPL8008230,38063889
8229,SPL8008231,38063890
8230,SPL8008232,38063891
8231,SPL8008233,38063892
8232,SPL8008234,38063893
8233,SPL8008235,38063894
8234,SPL8008236,38063895
8235,SPL8008237,38063896
8236,SPL8008238,38063897
8237,SPL8008239,38063898
8238,SPL8008240,38063899
8239,SPL8008241,38063900
8240,SPL8008242,38063902
8241,SPL8008243,38063903
8242,SPL8008244,38063904
8243,SPL8008245,38063905;38066416
8244,SPL8008246,38063922
8245,SPL8008247,38063925
8246,SPL8008248,38063926
8247,SPL8008249,38063930
8248,SPL8008250,38063931
8249,SPL8008251,38063937
8250,SPL8008252,38063938
8251,SPL8008253,38063939
8252,SPL8008254,38063940
8253,SPL8008255,38063941
8254,SPL8008256,38063942
8255,SPL8008257,38063943
8256,SPL8008258,38063944
8257,SPL8008259,38063945
8258,SPL8008260,38063946
8259,SPL8008261,38063947
8260,SPL8008262,38063948
8261,SPL8008263,38063951
8262,SPL8008264,38063953
8263,SPL8008265,38063961
8264,SPL8008266,38063963
8265,SPL8008267,38063964
8266,SPL8008268,38063965
8267,SPL8008269,38063967
8268,SPL8008270,38063968
8269,SPL8008271,38063970
8270,SPL8008272,38063971
8271,SPL8008273,38063972
8272,SPL8008274,38063977;38065306;38066704
8273,SPL8008275,38063980;38065198;38067060
8274,SPL8008276,38064010
8275,SPL8008277,38064011;38067061
8276,SPL8008278,38064012;38064188;38064570
8277,SPL8008279,38064013
8278,SPL8008280,38064038
8279,SPL8008281,38064039
8280,SPL8008282,38064079;38064100
8281,SPL8008283,38064080
8282,SPL8008284,38064081
8283,SPL8008285,38064082
8284,SPL8008286,38064083
8285,SPL8008287,38064092
8286,SPL8008288,38064093
8287,SPL8008289,38064094
8288,SPL8008290,38064095
8289,SPL8008291,38064096
8290,SPL8008292,38064097
8291,SPL8008293,38064099
8292,SPL8008294,38064180
8293,SPL8008295,38064181
8294,SPL8008296,38064182
8295,SPL8008297,38064183
8296,SPL8008298,38064184;38065000
8297,SPL8008299,38064186;38064989
8298,SPL8008300,38064187;38064569;38065098
8299,SPL8008301,38064191;38064993
8300,SPL8008302,38064192
8301,SPL8008303,38064193;38065096
8302,SPL8008304,38064194;38064995
8303,SPL8008305,38064195;38064996
8304,SPL8008306,38064196;38064990
8305,SPL8008307,38064197;38064991
8306,SPL8008308,38064200
8307,SPL8008309,38064201
8308,SPL8008310,38064202
8309,SPL8008311,38064203
8310,SPL8008312,38064204
8311,SPL8008313,38064205
8312,SPL8008314,38064206
8313,SPL8008315,38064207
8314,SPL8008316,38064208
8315,SPL8008317,38064209
8316,SPL8008318,38064210
8317,SPL8008319,38064212
8318,SPL8008320,38064213
8319,SPL8008321,38064214
8320,SPL8008322,38064215
8321,SPL8008323,38064216
8322,SPL8008324,38064217
8323,SPL8008325,38064218
8324,SPL8008326,38064219;38065235
8325,SPL8008327,38064220
8326,SPL8008328,38064221
8327,SPL8008329,38064222
8328,SPL8008330,38064223
8329,SPL8008331,38064224
8330,SPL8008332,38064250
8331,SPL8008333,38064251
8332,SPL8008334,38064252
8333,SPL8008335,38064253
8334,SPL8008336,38064254
8335,SPL8008337,38064255
8336,SPL8008338,38064256
8337,SPL8008339,38064257
8338,SPL8008340,38064258
8339,SPL8008341,38064259
8340,SPL8008342,38064260
8341,SPL8008343,38064261
8342,SPL8008344,38064262
8343,SPL8008345,38064263
8344,SPL8008346,38064264
8345,SPL8008347,38064265
8346,SPL8008348,38064266
8347,SPL8008349,38064267
8348,SPL8008350,38064268
8349,SPL8008351,38064269
8350,SPL8008352,38064270
8351,SPL8008353,38064271;38065613
8352,SPL8008354,38064272;38065614
8353,SPL8008355,38064273;38065615
8354,SPL8008356,38064274
8355,SPL8008357,38064275
8356,SPL8008358,38064276
8357,SPL8008359,38064277
8358,SPL8008360,38064278
8359,SPL8008361,38064279
8360,SPL8008362,38064282
8361,SPL8008363,38064283
8362,SPL8008364,38064284
8363,SPL8008365,38064285
8364,SPL8008366,38064286
8365,SPL8008367,38064287;38065619
8366,SPL8008368,38064288;38065620
8367,SPL8008369,38064289;38065621
8368,SPL8008370,38064290;38065616
8369,SPL8008371,38064291;38065617
8370,SPL8008372,38064292
8371,SPL8008373,38064293
8372,SPL8008374,38064294
8373,SPL8008375,38064295
8374,SPL8008376,38064296
8375,SPL8008377,38064297
8376,SPL8008378,38064298
8377,SPL8008379,38064299
8378,SPL8008380,38064300
8379,SPL8008381,38064301
8380,SPL8008382,38064302
8381,SPL8008383,38064303
8382,SPL8008384,38064304
8383,SPL8008385,38064305
8384,SPL8008386,38064306
8385,SPL8008387,38064307
8386,SPL8008388,38064309
8387,SPL8008389,38064310
8388,SPL8008390,38064311
8389,SPL8008391,38064312
8390,SPL8008392,38064313
8391,SPL8008393,38064314
8392,SPL8008394,38064315
8393,SPL8008395,38064316
8394,SPL8008396,38064317
8395,SPL8008397,38064318
8396,SPL8008398,38064319
8397,SPL8008399,38064320
8398,SPL8008400,38064321
8399,SPL8008401,38064322
8400,SPL8008402,38064323
8401,SPL8008403,38064324
8402,SPL8008404,38064325
8403,SPL8008405,38064326
8404,SPL8008406,38064327
8405,SPL8008407,38064328
8406,SPL8008408,38064329
8407,SPL8008409,38064330
8408,SPL8008410,38064331
8409,SPL8008411,38064332
8410,SPL8008412,38064333
8411,SPL8008413,38064334
8412,SPL8008414,38064335
8413,SPL8008415,38064347;38065005
8414,SPL8008416,38064350;38065097
8415,SPL8008417,38064352
8416,SPL8008418,38064369
8417,SPL8008419,38064370
8418,SPL8008420,38064371
8419,SPL8008421,38064372
8420,SPL8008422,38064373
8421,SPL8008423,38064374
8422,SPL8008424,38064375
8423,SPL8008425,38064376
8424,SPL8008426,38064377
8425,SPL8008427,38064378
8426,SPL8008428,38064379
8427,SPL8008429,38064380
8428,SPL8008430,38064381
8429,SPL8008431,38064382
8430,SPL8008432,38064383
8431,SPL8008433,38064384
8432,SPL8008434,38064385
8433,SPL8008435,38064404
8434,SPL8008436,38064405
8435,SPL8008437,38064406
8436,SPL8008438,38064407
8437,SPL8008439,38064409
8438,SPL8008440,38064439
8439,SPL8008441,38064440
8440,SPL8008442,38064474;38064476
8441,SPL8008443,38064475;38064477
8442,SPL8008444,38064478
8443,SPL8008445,38064480
8444,SPL8008446,38064486
8445,SPL8008447,38064487
8446,SPL8008448,38064488
8447,SPL8008449,38064489
8448,SPL8008450,38064490
8449,SPL8008451,38064491
8450,SPL8008452,38064492
8451,SPL8008453,38064493
8452,SPL8008454,38064494
8453,SPL8008455,38064495
8454,SPL8008456,38064496
8455,SPL8008457,38064497
8456,SPL8008458,38064498
8457,SPL8008459,38064499
8458,SPL8008460,38064500
8459,SPL8008461,38064501
8460,SPL8008462,38064502
8461,SPL8008463,38064503
8462,SPL8008464,38064504
8463,SPL8008465,38064505
8464,SPL8008466,38064506
8465,SPL8008467,38064507
8466,SPL8008468,38064508
8467,SPL8008469,38064509
8468,SPL8008470,38064510;38064528;38066548
8469,SPL8008471,38064511;38064529;38066554
8470,SPL8008472,38064512;38064530;38066560
8471,SPL8008473,38064514;38064532;38066551
8472,SPL8008474,38064515;38064533;38066557
8473,SPL8008475,38064516;38064534;38066563
8474,SPL8008476,38064517;38064535;38066569
8475,SPL8008477,38064518;38064541
8476,SPL8008478,38064519;38065065;38066549;38066550
8477,SPL8008479,38064520;38065066;38066555;38066556
8478,SPL8008480,38064521;38065067;38066561;38066562
8479,SPL8008481,38064522;38065068;38066567;38066568
8480,SPL8008482,38064523;38065069;38066552;38066553
8481,SPL8008483,38064524;38065070;38066558;38066559
8482,SPL8008484,38064525;38065071;38066564;38066565
8483,SPL8008485,38064526;38065072;38066570;38066571
8484,SPL8008486,38064527;38065073
8485,SPL8008487,38064538
8486,SPL8008488,38064539
8487,SPL8008489,38064540
8488,SPL8008490,38064546
8489,SPL8008491,38064547
8490,SPL8008492,38064548
8491,SPL8008493,38064549;38066342
8492,SPL8008494,38064550;38066344
8493,SPL8008495,38064551;38066348
8494,SPL8008496,38064552
8495,SPL8008497,38064553
8496,SPL8008498,38064560
8497,SPL8008499,38064583
8498,SPL8008500,38064584
8499,SPL8008501,38064713
8500,SPL8008502,38064714
8501,SPL8008503,38064715
8502,SPL8008504,38064716
8503,SPL8008505,38064717
8504,SPL8008506,38064718
8505,SPL8008507,38064719
8506,SPL8008508,38064720
8507,SPL8008509,38064721
8508,SPL8008510,38064722
8509,SPL8008511,38064723
8510,SPL8008512,38064724
8511,SPL8008513,38064725
8512,SPL8008514,38064726
8513,SPL8008515,38064727
8514,SPL8008516,38064728
8515,SPL8008517,38064729
8516,SPL8008518,38064730
8517,SPL8008519,38064731
8518,SPL8008520,38064732
8519,SPL8008521,38064733
8520,SPL8008522,38064734
8521,SPL8008523,38064735
8522,SPL8008524,38064736
8523,SPL8008525,38064737
8524,SPL8008526,38064738
8525,SPL8008527,38064739
8526,SPL8008528,38064740
8527,SPL8008529,38064741
8528,SPL8008530,38064742
8529,SPL8008531,38064743
8530,SPL8008532,38064744
8531,SPL8008533,38064745
8532,SPL8008534,38064746
8533,SPL8008535,38064747
8534,SPL8008536,38064748
8535,SPL8008537,38064749
8536,SPL8008538,38064750
8537,SPL8008539,38064751
8538,SPL8008540,38064752
8539,SPL8008541,38064753
8540,SPL8008542,38064754
8541,SPL8008543,38064755
8542,SPL8008544,38064756
8543,SPL8008545,38064757
8544,SPL8008546,38064758
8545,SPL8008547,38064759
8546,SPL8008548,38064760
8547,SPL8008549,38064761
8548,SPL8008550,38064762
8549,SPL8008551,38064763
8550,SPL8008552,38064764
8551,SPL8008553,38064765
8552,SPL8008554,38064766
8553,SPL8008555,38064767
8554,SPL8008556,38064768
8555,SPL8008557,38064769
8556,SPL8008558,38064770
8557,SPL8008559,38064771
8558,SPL8008560,38064772
8559,SPL8008561,38064773
8560,SPL8008562,38064774
8561,SPL8008563,38064775
8562,SPL8008564,38064776
8563,SPL8008565,38064777
8564,SPL8008566,38064778
8565,SPL8008567,38064779
8566,SPL8008568,38064780
8567,SPL8008569,38064781
8568,SPL8008570,38064782
8569,SPL8008571,38064783
8570,SPL8008572,38064784
8571,SPL8008573,38064785
8572,SPL8008574,38064786
8573,SPL8008575,38064787
8574,SPL8008576,38064788
8575,SPL8008577,38064789
8576,SPL8008578,38064790
8577,SPL8008579,38064791
8578,SPL8008580,38064792
8579,SPL8008581,38064793
8580,SPL8008582,38064794
8581,SPL8008583,38064795
8582,SPL8008584,38064796
8583,SPL8008585,38064797
8584,SPL8008586,38064798
8585,SPL8008587,38064799
8586,SPL8008588,38064800
8587,SPL8008589,38064801
8588,SPL8008590,38064802;38066450
8589,SPL8008591,38064803
8590,SPL8008592,38064804
8591,SPL8008593,38064805
8592,SPL8008594,38064806
8593,SPL8008595,38064807
8594,SPL8008596,38064808
8595,SPL8008597,38064809
8596,SPL8008598,38064810
8597,SPL8008599,38064812
8598,SPL8008600,38064813
8599,SPL8008601,38064814
8600,SPL8008602,38064815
8601,SPL8008603,38064816
8602,SPL8008604,38064817
8603,SPL8008605,38064818
8604,SPL8008606,38064819
8605,SPL8008607,38064820
8606,SPL8008608,38064821
8607,SPL8008609,38064822
8608,SPL8008610,38064823
8609,SPL8008611,38064824
8610,SPL8008612,38064825
8611,SPL8008613,38064826
8612,SPL8008614,38064827
8613,SPL8008615,38064828
8614,SPL8008616,38064829
8615,SPL8008617,38064830
8616,SPL8008618,38064831
8617,SPL8008619,38064832
8618,SPL8008620,38064833
8619,SPL8008621,38064834
8620,SPL8008622,38064835
8621,SPL8008623,38064836
8622,SPL8008624,38064837
8623,SPL8008625,38064838
8624,SPL8008626,38064839
8625,SPL8008627,38064840
8626,SPL8008628,38064841
8627,SPL8008629,38064842
8628,SPL8008630,38064843
8629,SPL8008631,38064844
8630,SPL8008632,38064845
8631,SPL8008633,38064846
8632,SPL8008634,38064847
8633,SPL8008635,38064848
8634,SPL8008636,38064849
8635,SPL8008637,38064850
8636,SPL8008638,38064851
8637,SPL8008639,38064852
8638,SPL8008640,38064853
8639,SPL8008641,38064854;38066434
8640,SPL8008642,38064857
8641,SPL8008643,38064858
8642,SPL8008644,38064859
8643,SPL8008645,38064860
8644,SPL8008646,38064861
8645,SPL8008647,38064867
8646,SPL8008648,38064868
8647,SPL8008649,38064869
8648,SPL8008650,38064870
8649,SPL8008651,38064871
8650,SPL8008652,38064872
8651,SPL8008653,38064873
8652,SPL8008654,38064874
8653,SPL8008655,38064875
8654,SPL8008656,38064876
8655,SPL8008657,38064877
8656,SPL8008658,38064878
8657,SPL8008659,38064879
8658,SPL8008660,38064880
8659,SPL8008661,38064881;38065157
8660,SPL8008662,38064882
8661,SPL8008663,38064883
8662,SPL8008664,38064884
8663,SPL8008665,38064885
8664,SPL8008666,38064886
8665,SPL8008667,38064887
8666,SPL8008668,38064888
8667,SPL8008669,38064889
8668,SPL8008670,38064890
8669,SPL8008671,38064891
8670,SPL8008672,38064892
8671,SPL8008673,38064893
8672,SPL8008674,38064894
8673,SPL8008675,38064895
8674,SPL8008676,38064896
8675,SPL8008677,38064897
8676,SPL8008678,38064898
8677,SPL8008679,38064899
8678,SPL8008680,38064900
8679,SPL8008681,38064901
8680,SPL8008682,38064902
8681,SPL8008683,38064903
8682,SPL8008684,38064904
8683,SPL8008685,38064905
8684,SPL8008686,38064906
8685,SPL8008687,38064907
8686,SPL8008688,38064908
8687,SPL8008689,38064909
8688,SPL8008690,38064910
8689,SPL8008691,38064911
8690,SPL8008692,38064912
8691,SPL8008693,38064913
8692,SPL8008694,38064914
8693,SPL8008695,38064915
8694,SPL8008696,38064916
8695,SPL8008697,38064917
8696,SPL8008698,38064918
8697,SPL8008699,38064919
8698,SPL8008700,38064920
8699,SPL8008701,38064921
8700,SPL8008702,38064922
8701,SPL8008703,38064923
8702,SPL8008704,38064925
8703,SPL8008705,38064927
8704,SPL8008706,38064928
8705,SPL8008707,38064929
8706,SPL8008708,38064930
8707,SPL8008709,38064932
8708,SPL8008710,38064933
8709,SPL8008711,38064934
8710,SPL8008712,38064967
8711,SPL8008713,38064968;38065815
8712,SPL8008714,38064969
8713,SPL8008715,38064970
8714,SPL8008716,38064971
8715,SPL8008717,38064972
8716,SPL8008718,38064973
8717,SPL8008719,38064974
8718,SPL8008720,38064975
8719,SPL8008721,38064976
8720,SPL8008722,38064980
8721,SPL8008723,38064983;38067475
8722,SPL8008724,38064988;38067480
8723,SPL8008725,38064992
8724,SPL8008726,38064994
8725,SPL8008727,38064997
8726,SPL8008728,38064998
8727,SPL8008729,38064999
8728,SPL8008730,38065003
8729,SPL8008731,38065004
8730,SPL8008732,38065006
8731,SPL8008733,38065007
8732,SPL8008734,38065029
8733,SPL8008735,38065030
8734,SPL8008736,38065031;38066097
8735,SPL8008737,38065032
8736,SPL8008738,38065033
8737,SPL8008739,38065034
8738,SPL8008740,38065035
8739,SPL8008741,38065036
8740,SPL8008742,38065037
8741,SPL8008743,38065038
8742,SPL8008744,38065039
8743,SPL8008745,38065040
8744,SPL8008746,38065041
8745,SPL8008747,38065042
8746,SPL8008748,38065043
8747,SPL8008749,38065044
8748,SPL8008750,38065045
8749,SPL8008751,38065046
8750,SPL8008752,38065047
8751,SPL8008753,38065048
8752,SPL8008754,38065049
8753,SPL8008755,38065050
8754,SPL8008756,38065056
8755,SPL8008757,38065057
8756,SPL8008758,38065058
8757,SPL8008759,38065059
8758,SPL8008760,38065060
8759,SPL8008761,38065061
8760,SPL8008762,38065074
8761,SPL8008763,38065076
8762,SPL8008764,38065077;38065078
8763,SPL8008765,38065079
8764,SPL8008766,38065080
8765,SPL8008767,38065081
8766,SPL8008768,38065084;38065086
8767,SPL8008769,38065085;38065087
8768,SPL8008770,38065090
8769,SPL8008771,38065091;38066343
8770,SPL8008772,38065092
8771,SPL8008773,38065093;38066345
8772,SPL8008774,38065094;38066346
8773,SPL8008775,38065095;38066349
8774,SPL8008776,38065100
8775,SPL8008777,38065101
8776,SPL8008778,38065102
8777,SPL8008779,38065103
8778,SPL8008780,38065104
8779,SPL8008781,38065105
8780,SPL8008782,38065106
8781,SPL8008783,38065107
8782,SPL8008784,38065108
8783,SPL8008785,38065109
8784,SPL8008786,38065110
8785,SPL8008787,38065112
8786,SPL8008788,38065113
8787,SPL8008789,38065115
8788,SPL8008790,38065116
8789,SPL8008791,38065117
8790,SPL8008792,38065118
8791,SPL8008793,38065120
8792,SPL8008794,38065122
8793,SPL8008795,38065123
8794,SPL8008796,38065158
8795,SPL8008797,38065160
8796,SPL8008798,38065164
8797,SPL8008799,38065165
8798,SPL8008800,38065166
8799,SPL8008801,38065173
8800,SPL8008802,38065174
8801,SPL8008803,38065175
8802,SPL8008804,38065176
8803,SPL8008805,38065177
8804,SPL8008806,38065178
8805,SPL8008807,38065179
8806,SPL8008808,38065180
8807,SPL8008809,38065181
8808,SPL8008810,38065182
8809,SPL8008811,38065190
8810,SPL8008812,38065191
8811,SPL8008813,38065192
8812,SPL8008814,38065193
8813,SPL8008815,38065194
8814,SPL8008816,38065195
8815,SPL8008817,38065196
8816,SPL8008818,38065197
8817,SPL8008819,38065199;38065200
8818,SPL8008820,38065202
8819,SPL8008821,38065203
8820,SPL8008822,38065204;38067525
8821,SPL8008823,38065205;38067529
8822,SPL8008824,38065206
8823,SPL8008825,38065207
8824,SPL8008826,38065208
8825,SPL8008827,38065209
8826,SPL8008828,38065210
8827,SPL8008829,38065211
8828,SPL8008830,38065212
8829,SPL8008831,38065216
8830,SPL8008832,38065217
8831,SPL8008833,38065219
8832,SPL8008834,38065223
8833,SPL8008835,38065224
8834,SPL8008836,38065225
8835,SPL8008837,38065228
8836,SPL8008838,38065229
8837,SPL8008839,38065230
8838,SPL8008840,38065231
8839,SPL8008841,38065232
8840,SPL8008842,38065233
8841,SPL8008843,38065234
8842,SPL8008844,38065236
8843,SPL8008845,38065237
8844,SPL8008846,38065238
8845,SPL8008847,38065239
8846,SPL8008848,38065240
8847,SPL8008849,38065241
8848,SPL8008850,38065242
8849,SPL8008851,38065243
8850,SPL8008852,38065244
8851,SPL8008853,38065245
8852,SPL8008854,38065246
8853,SPL8008855,38065247
8854,SPL8008856,38065248
8855,SPL8008857,38065249
8856,SPL8008858,38065250
8857,SPL8008859,38065251
8858,SPL8008860,38065252
8859,SPL8008861,38065253
8860,SPL8008862,38065254
8861,SPL8008863,38065255
8862,SPL8008864,38065256
8863,SPL8008865,38065257
8864,SPL8008866,38065258
8865,SPL8008867,38065259
8866,SPL8008868,38065260
8867,SPL8008869,38065261
8868,SPL8008870,38065262
8869,SPL8008871,38065263
8870,SPL8008872,38065264
8871,SPL8008873,38065265
8872,SPL8008874,38065266
8873,SPL8008875,38065267
8874,SPL8008876,38065268
8875,SPL8008877,38065269
8876,SPL8008878,38065270
8877,SPL8008879,38065271
8878,SPL8008880,38065272
8879,SPL8008881,38065273
8880,SPL8008882,38065274
8881,SPL8008883,38065275
8882,SPL8008884,38065276
8883,SPL8008885,38065277
8884,SPL8008886,38065278
8885,SPL8008887,38065279
8886,SPL8008888,38065280
8887,SPL8008889,38065281
8888,SPL8008890,38065282
8889,SPL8008891,38065283
8890,SPL8008892,38065284
8891,SPL8008893,38065285
8892,SPL8008894,38065286
8893,SPL8008895,38065287
8894,SPL8008896,38065288;38067741
8895,SPL8008897,38065289
8896,SPL8008898,38065294
8897,SPL8008899,38065295
8898,SPL8008900,38065296
8899,SPL8008901,38065297
8900,SPL8008902,38065298
8901,SPL8008903,38065299
8902,SPL8008904,38065300
8903,SPL8008905,38065301
8904,SPL8008906,38065302
8905,SPL8008907,38065303
8906,SPL8008908,38065304
8907,SPL8008909,38065305
8908,SPL8008910,38065308
8909,SPL8008911,38065311
8910,SPL8008912,38065319;38065327;38065491;38065495
8911,SPL8008913,38065320;38065328;38065492;38065496
8912,SPL8008914,38065321;38065329
8913,SPL8008915,38065322;38065330
8914,SPL8008916,38065323;38065331;38065493;38065497
8915,SPL8008917,38065324;38065332;38065494;38065498
8916,SPL8008918,38065325;38065333
8917,SPL8008919,38065326;38065334
8918,SPL8008920,38065336;38065348
8919,SPL8008921,38065338;38065350
8920,SPL8008922,38065339;38065351
8921,SPL8008923,38065340;38065352
8922,SPL8008924,38065342;38065354
8923,SPL8008925,38065344;38065356
8924,SPL8008926,38065345;38065357
8925,SPL8008927,38065346;38065358
8926,SPL8008928,38065359
8927,SPL8008929,38065360
8928,SPL8008930,38065361
8929,SPL8008931,38065362
8930,SPL8008932,38065363
8931,SPL8008933,38065364
8932,SPL8008934,38065367
8933,SPL8008935,38065368
8934,SPL8008936,38065369
8935,SPL8008937,38065370
8936,SPL8008938,38065371
8937,SPL8008939,38065372
8938,SPL8008940,38065373
8939,SPL8008941,38065374
8940,SPL8008942,38065375
8941,SPL8008943,38065376;38065827
8942,SPL8008944,38065377
8943,SPL8008945,38065378
8944,SPL8008946,38065379
8945,SPL8008947,38065380
8946,SPL8008948,38065381
8947,SPL8008949,38065382
8948,SPL8008950,38065383
8949,SPL8008951,38065384
8950,SPL8008952,38065385
8951,SPL8008953,38065386
8952,SPL8008954,38065387
8953,SPL8008955,38065388
8954,SPL8008956,38065389
8955,SPL8008957,38065390
8956,SPL8008958,38065391
8957,SPL8008959,38065392
8958,SPL8008960,38065393
8959,SPL8008961,38065394
8960,SPL8008962,38065395
8961,SPL8008963,38065396
8962,SPL8008964,38065397
8963,SPL8008965,38065398
8964,SPL8008966,38065399
8965,SPL8008967,38065400
8966,SPL8008968,38065401
8967,SPL8008969,38065402
8968,SPL8008970,38065403
8969,SPL8008971,38065404
8970,SPL8008972,38065405
8971,SPL8008973,38065406
8972,SPL8008974,38065407
8973,SPL8008975,38065408
8974,SPL8008976,38065409
8975,SPL8008977,38065410
8976,SPL8008978,38065411
8977,SPL8008979,38065412
8978,SPL8008980,38065413
8979,SPL8008981,38065414
8980,SPL8008982,38065415
8981,SPL8008983,38065416
8982,SPL8008984,38065417;38067743
8983,SPL8008985,38065418
8984,SPL8008986,38065419
8985,SPL8008987,38065420
8986,SPL8008988,38065421
8987,SPL8008989,38065422
8988,SPL8008990,38065423
8989,SPL8008991,38065424
8990,SPL8008992,38065425
8991,SPL8008993,38065426
8992,SPL8008994,38065427
8993,SPL8008995,38065428
8994,SPL8008996,38065429
8995,SPL8008997,38065430
8996,SPL8008998,38065431
8997,SPL8008999,38065432
8998,SPL8009000,38065433
8999,SPL8009001,38065434
9000,SPL8009002,38065435
9001,SPL8009003,38065451
9002,SPL8009004,38065452
9003,SPL8009005,38065453
9004,SPL8009006,38065454
9005,SPL8009007,38065455
9006,SPL8009008,38065456
9007,SPL8009009,38065457
9008,SPL8009010,38065458
9009,SPL8009011,38065459
9010,SPL8009012,38065460
9011,SPL8009013,38065461
9012,SPL8009014,38065462
9013,SPL8009015,38065463
9014,SPL8009016,38065464
9015,SPL8009017,38065465
9016,SPL8009018,38065468
9017,SPL8009019,38065469
9018,SPL8009020,38065470
9019,SPL8009021,38065471
9020,SPL8009022,38065472
9021,SPL8009023,38065473
9022,SPL8009024,38065474
9023,SPL8009025,38065475
9024,SPL8009026,38065476
9025,SPL8009027,38065477
9026,SPL8009028,38065478
9027,SPL8009029,38065479
9028,SPL8009030,38065480
9029,SPL8009031,38065481
9030,SPL8009032,38065482
9031,SPL8009033,38065483
9032,SPL8009034,38065484
9033,SPL8009035,38065485
9034,SPL8009036,38065486
9035,SPL8009037,38065487
9036,SPL8009038,38065488
9037,SPL8009039,38065489
9038,SPL8009040,38065490
9039,SPL8009041,38065507
9040,SPL8009042,38065508
9041,SPL8009043,38065521
9042,SPL8009044,38065525
9043,SPL8009045,38065526
9044,SPL8009046,38065527
9045,SPL8009047,38065528
9046,SPL8009048,38065529
9047,SPL8009049,38065530
9048,SPL8009050,38065531
9049,SPL8009051,38065532
9050,SPL8009052,38065533
9051,SPL8009053,38065534
9052,SPL8009054,38065535
9053,SPL8009055,38065536
9054,SPL8009056,38065537
9055,SPL8009057,38065538
9056,SPL8009058,38065539
9057,SPL8009059,38065540
9058,SPL8009060,38065541
9059,SPL8009061,38065542
9060,SPL8009062,38065543
9061,SPL8009063,38065544
9062,SPL8009064,38065545
9063,SPL8009065,38065546
9064,SPL8009066,38065547
9065,SPL8009067,38065548
9066,SPL8009068,38065549
9067,SPL8009069,38065550
9068,SPL8009070,38065551
9069,SPL8009071,38065553
9070,SPL8009072,38065554
9071,SPL8009073,38065555
9072,SPL8009074,38065556
9073,SPL8009075,38065557
9074,SPL8009076,38065558
9075,SPL8009077,38065560
9076,SPL8009078,38065592
9077,SPL8009079,38065593
9078,SPL8009080,38065594
9079,SPL8009081,38065595
9080,SPL8009082,38065596
9081,SPL8009083,38065597
9082,SPL8009084,38065599
9083,SPL8009085,38065600
9084,SPL8009086,38065601
9085,SPL8009087,38065602
9086,SPL8009088,38065603
9087,SPL8009089,38065604
9088,SPL8009090,38065605
9089,SPL8009091,38065606
9090,SPL8009092,38065607
9091,SPL8009093,38065608
9092,SPL8009094,38065609
9093,SPL8009095,38065610
9094,SPL8009096,38065611
9095,SPL8009097,38065612
9096,SPL8009098,38065618
9097,SPL8009099,38065622
9098,SPL8009100,38065623
9099,SPL8009101,38065624
9100,SPL8009102,38065642;38065843
9101,SPL8009103,38065643
9102,SPL8009104,38065644
9103,SPL8009105,38065645
9104,SPL8009106,38065649
9105,SPL8009107,38065650
9106,SPL8009108,38065652
9107,SPL8009109,38065653
9108,SPL8009110,38065657
9109,SPL8009111,38065658
9110,SPL8009112,38065659
9111,SPL8009113,38065660
9112,SPL8009114,38065661
9113,SPL8009115,38065771;38066517
9114,SPL8009116,38065772
9115,SPL8009117,38065773
9116,SPL8009118,38065774
9117,SPL8009119,38065775
9118,SPL8009120,38065776
9119,SPL8009121,38065777
9120,SPL8009122,38065779
9121,SPL8009123,38065782
9122,SPL8009124,38065783
9123,SPL8009125,38065784
9124,SPL8009126,38065785
9125,SPL8009127,38065786
9126,SPL8009128,38065787
9127,SPL8009129,38065788
9128,SPL8009130,38065789
9129,SPL8009131,38065790
9130,SPL8009132,38065791
9131,SPL8009133,38065792
9132,SPL8009134,38065793
9133,SPL8009135,38065794
9134,SPL8009136,38065795
9135,SPL8009137,38065796
9136,SPL8009138,38065797
9137,SPL8009139,38065799
9138,SPL8009140,38065802
9139,SPL8009141,38065803
9140,SPL8009142,38065804
9141,SPL8009143,38065806
9142,SPL8009144,38065807
9143,SPL8009145,38065809
9144,SPL8009146,38065810
9145,SPL8009147,38065811
9146,SPL8009148,38065812
9147,SPL8009149,38065813
9148,SPL8009150,38065814
9149,SPL8009151,38065816
9150,SPL8009152,38065817
9151,SPL8009153,38065818
9152,SPL8009154,38065819
9153,SPL8009155,38065820
9154,SPL8009156,38065821
9155,SPL8009157,38065822
9156,SPL8009158,38065823
9157,SPL8009159,38065824
9158,SPL8009160,38065826
9159,SPL8009161,38065828
9160,SPL8009162,38065829
9161,SPL8009163,38065830
9162,SPL8009164,38065831
9163,SPL8009165,38065832
9164,SPL8009166,38065833
9165,SPL8009167,38065834
9166,SPL8009168,38065835
9167,SPL8009169,38065836
9168,SPL8009170,38065839
9169,SPL8009171,38065844
9170,SPL8009172,38065845
9171,SPL8009173,38065846
9172,SPL8009174,38065854
9173,SPL8009175,38065855
9174,SPL8009176,38065856
9175,SPL8009177,38065857
9176,SPL8009178,38065858
9177,SPL8009179,38065859
9178,SPL8009180,38065860
9179,SPL8009181,38065861
9180,SPL8009182,38065862
9181,SPL8009183,38065863
9182,SPL8009184,38065864
9183,SPL8009185,38065865;38066336;38066722
9184,SPL8009186,38065866;38066337;38066850
9185,SPL8009187,38065867;38066338;38066723
9186,SPL8009188,38065868;38066339;38066724
9187,SPL8009189,38065869;38066340;38066725
9188,SPL8009190,38065870;38066341;38066726
9189,SPL8009191,38065871
9190,SPL8009192,38065874
9191,SPL8009193,38065875
9192,SPL8009194,38065876
9193,SPL8009195,38065877
9194,SPL8009196,38065878
9195,SPL8009197,38065879
9196,SPL8009198,38065880
9197,SPL8009199,38065881
9198,SPL8009200,38065882
9199,SPL8009201,38065883
9200,SPL8009202,38065884
9201,SPL8009203,38065885
9202,SPL8009204,38065886
9203,SPL8009205,38065887
9204,SPL8009206,38065888
9205,SPL8009207,38065889
9206,SPL8009208,38065890
9207,SPL8009209,38065891
9208,SPL8009210,38065892
9209,SPL8009211,38065893
9210,SPL8009212,38065894
9211,SPL8009213,38065895
9212,SPL8009214,38065896
9213,SPL8009215,38065897
9214,SPL8009216,38065898
9215,SPL8009217,38065899
9216,SPL8009218,38065900
9217,SPL8009219,38065901
9218,SPL8009220,38065902
9219,SPL8009221,38065903
9220,SPL8009222,38065904
9221,SPL8009223,38065905
9222,SPL8009224,38065906
9223,SPL8009225,38065907
9224,SPL8009226,38065908
9225,SPL8009227,38065909
9226,SPL8009228,38065910
9227,SPL8009229,38065911
9228,SPL8009230,38065912
9229,SPL8009231,38065913
9230,SPL8009232,38065914
9231,SPL8009233,38065915
9232,SPL8009234,38065916
9233,SPL8009235,38065917
9234,SPL8009236,38065918
9235,SPL8009237,38065919
9236,SPL8009238,38065920
9237,SPL8009239,38065921
9238,SPL8009240,38065922
9239,SPL8009241,38065923
9240,SPL8009242,38065924
9241,SPL8009243,38065925
9242,SPL8009244,38065926
9243,SPL8009245,38065927
9244,SPL8009246,38065928
9245,SPL8009247,38065929
9246,SPL8009248,38065930
9247,SPL8009249,38065931
9248,SPL8009250,38065932
9249,SPL8009251,38065933
9250,SPL8009252,38065934
9251,SPL8009253,38065935
9252,SPL8009254,38065936
9253,SPL8009255,38065937
9254,SPL8009256,38065938
9255,SPL8009257,38065939
9256,SPL8009258,38065940
9257,SPL8009259,38065941
9258,SPL8009260,38065942
9259,SPL8009261,38065943
9260,SPL8009262,38065944
9261,SPL8009263,38065945
9262,SPL8009264,38065946
9263,SPL8009265,38065947
9264,SPL8009266,38065948
9265,SPL8009267,38065949
9266,SPL8009268,38065950
9267,SPL8009269,38065951
9268,SPL8009270,38065952
9269,SPL8009271,38065953
9270,SPL8009272,38065954
9271,SPL8009273,38065955
9272,SPL8009274,38065956
9273,SPL8009275,38065957
9274,SPL8009276,38065958
9275,SPL8009277,38065959
9276,SPL8009278,38065960
9277,SPL8009279,38065961
9278,SPL8009280,38065962
9279,SPL8009281,38065963
9280,SPL8009282,38065964
9281,SPL8009283,38065965
9282,SPL8009284,38065966
9283,SPL8009285,38065967
9284,SPL8009286,38065968
9285,SPL8009287,38065969
9286,SPL8009288,38065970
9287,SPL8009289,38065971;38067226
9288,SPL8009290,38065972;38067227
9289,SPL8009291,38065973;38067532
9290,SPL8009292,38065974
9291,SPL8009293,38065975
9292,SPL8009294,38065976;38067764
9293,SPL8009295,38065977
9294,SPL8009296,38065978
9295,SPL8009297,38065979
9296,SPL8009298,38065980
9297,SPL8009299,38065981
9298,SPL8009300,38065982
9299,SPL8009301,38065983
9300,SPL8009302,38065984
9301,SPL8009303,38065985
9302,SPL8009304,38065986
9303,SPL8009305,38065987
9304,SPL8009306,38065988
9305,SPL8009307,38065989
9306,SPL8009308,38065990
9307,SPL8009309,38065991
9308,SPL8009310,38065992
9309,SPL8009311,38065993
9310,SPL8009312,38065994;38066090
9311,SPL8009313,38065995
9312,SPL8009314,38065996
9313,SPL8009315,38065997;38066468
9314,SPL8009316,38065998
9315,SPL8009317,38065999
9316,SPL8009318,38066000
9317,SPL8009319,38066001
9318,SPL8009320,38066003
9319,SPL8009321,38066004
9320,SPL8009322,38066005
9321,SPL8009323,38066006
9322,SPL8009324,38066007
9323,SPL8009325,38066008
9324,SPL8009326,38066009
9325,SPL8009327,38066010
9326,SPL8009328,38066011
9327,SPL8009329,38066012
9328,SPL8009330,38066013
9329,SPL8009331,38066014
9330,SPL8009332,38066015
9331,SPL8009333,38066016
9332,SPL8009334,38066017
9333,SPL8009335,38066018
9334,SPL8009336,38066019
9335,SPL8009337,38066020
9336,SPL8009338,38066021
9337,SPL8009339,38066022
9338,SPL8009340,38066023
9339,SPL8009341,38066024
9340,SPL8009342,38066025
9341,SPL8009343,38066026
9342,SPL8009344,38066027
9343,SPL8009345,38066028
9344,SPL8009346,38066029
9345,SPL8009347,38066030
9346,SPL8009348,38066031
9347,SPL8009349,38066032
9348,SPL8009350,38066033
9349,SPL8009351,38066036
9350,SPL8009352,38066037
9351,SPL8009353,38066038
9352,SPL8009354,38066039
9353,SPL8009355,38066040
9354,SPL8009356,38066042
9355,SPL8009357,38066043
9356,SPL8009358,38066044
9357,SPL8009359,38066045
9358,SPL8009360,38066046
9359,SPL8009361,38066047
9360,SPL8009362,38066048
9361,SPL8009363,38066049
9362,SPL8009364,38066050
9363,SPL8009365,38066051
9364,SPL8009366,38066052
9365,SPL8009367,38066053
9366,SPL8009368,38066054
9367,SPL8009369,38066055
9368,SPL8009370,38066056
9369,SPL8009371,38066057
9370,SPL8009372,38066058
9371,SPL8009373,38066059
9372,SPL8009374,38066060
9373,SPL8009375,38066061
9374,SPL8009376,38066062
9375,SPL8009377,38066063
9376,SPL8009378,38066064
9377,SPL8009379,38066065
9378,SPL8009380,38066066
9379,SPL8009381,38066068
9380,SPL8009382,38066069
9381,SPL8009383,38066070
9382,SPL8009384,38066071
9383,SPL8009385,38066072
9384,SPL8009386,38066073
9385,SPL8009387,38066074
9386,SPL8009388,38066075
9387,SPL8009389,38066078;38066703
9388,SPL8009390,38066079
9389,SPL8009391,38066080
9390,SPL8009392,38066081
9391,SPL8009393,38066082
9392,SPL8009394,38066083
9393,SPL8009395,38066084
9394,SPL8009396,38066085
9395,SPL8009397,38066086
9396,SPL8009398,38066087
9397,SPL8009399,38066088
9398,SPL8009400,38066089
9399,SPL8009401,38066091
9400,SPL8009402,38066092
9401,SPL8009403,38066093
9402,SPL8009404,38066094
9403,SPL8009405,38066096
9404,SPL8009406,38066098
9405,SPL8009407,38066100
9406,SPL8009408,38066101
9407,SPL8009409,38066102
9408,SPL8009410,38066103
9409,SPL8009411,38066104
9410,SPL8009412,38066105
9411,SPL8009413,38066106
9412,SPL8009414,38066107
9413,SPL8009415,38066108
9414,SPL8009416,38066109
9415,SPL8009417,38066110
9416,SPL8009418,38066111
9417,SPL8009419,38066112
9418,SPL8009420,38066113
9419,SPL8009421,38066114
9420,SPL8009422,38066115
9421,SPL8009423,38066116
9422,SPL8009424,38066117
9423,SPL8009425,38066118
9424,SPL8009426,38066119
9425,SPL8009427,38066120
9426,SPL8009428,38066121
9427,SPL8009429,38066122
9428,SPL8009430,38066123
9429,SPL8009431,38066124
9430,SPL8009432,38066125
9431,SPL8009433,38066126
9432,SPL8009434,38066127
9433,SPL8009435,38066128
9434,SPL8009436,38066129
9435,SPL8009437,38066130
9436,SPL8009438,38066131
9437,SPL8009439,38066132
9438,SPL8009440,38066133
9439,SPL8009441,38066134
9440,SPL8009442,38066135
9441,SPL8009443,38066136
9442,SPL8009444,38066137
9443,SPL8009445,38066138
9444,SPL8009446,38066139
9445,SPL8009447,38066140
9446,SPL8009448,38066141
9447,SPL8009449,38066142
9448,SPL8009450,38066143
9449,SPL8009451,38066144
9450,SPL8009452,38066145
9451,SPL8009453,38066146
9452,SPL8009454,38066147
9453,SPL8009455,38066148
9454,SPL8009456,38066149
9455,SPL8009457,38066150
9456,SPL8009458,38066151
9457,SPL8009459,38066154
9458,SPL8009460,38066155
9459,SPL8009461,38066156
9460,SPL8009462,38066157
9461,SPL8009463,38066159
9462,SPL8009464,38066160
9463,SPL8009465,38066161
9464,SPL8009466,38066162
9465,SPL8009467,38066163
9466,SPL8009468,38066164
9467,SPL8009469,38066165
9468,SPL8009470,38066166
9469,SPL8009471,38066167
9470,SPL8009472,38066168
9471,SPL8009473,38066169
9472,SPL8009474,38066170
9473,SPL8009475,38066171
9474,SPL8009476,38066172
9475,SPL8009477,38066173
9476,SPL8009478,38066175
9477,SPL8009479,38066176;38066189
9478,SPL8009480,38066177
9479,SPL8009481,38066178
9480,SPL8009482,38066179
9481,SPL8009483,38066180
9482,SPL8009484,38066181
9483,SPL8009485,38066182
9484,SPL8009486,38066184
9485,SPL8009487,38066185
9486,SPL8009488,38066187
9487,SPL8009489,38066193
9488,SPL8009490,38066194
9489,SPL8009491,38066195
9490,SPL8009492,38066196
9491,SPL8009493,38066197
9492,SPL8009494,38066198
9493,SPL8009495,38066199
9494,SPL8009496,38066200
9495,SPL8009497,38066221
9496,SPL8009498,38066222
9497,SPL8009499,38066223
9498,SPL8009500,38066224
9499,SPL8009501,38066225
9500,SPL8009502,38066226
9501,SPL8009503,38066227;38067087
9502,SPL8009504,38066228;38067090
9503,SPL8009505,38066229;38067091
9504,SPL8009506,38066230
9505,SPL8009507,38066231
9506,SPL8009508,38066232;38067089
9507,SPL8009509,38066233;38067088
9508,SPL8009510,38066234
9509,SPL8009511,38066235
9510,SPL8009512,38066236
9511,SPL8009513,38066237
9512,SPL8009514,38066238
9513,SPL8009515,38066239
9514,SPL8009516,38066240
9515,SPL8009517,38066241
9516,SPL8009518,38066242
9517,SPL8009519,38066243
9518,SPL8009520,38066244
9519,SPL8009521,38066245
9520,SPL8009522,38066246
9521,SPL8009523,38066247
9522,SPL8009524,38066248
9523,SPL8009525,38066249
9524,SPL8009526,38066250
9525,SPL8009527,38066251
9526,SPL8009528,38066252
9527,SPL8009529,38066253
9528,SPL8009530,38066254
9529,SPL8009531,38066255
9530,SPL8009532,38066256
9531,SPL8009533,38066257
9532,SPL8009534,38066258
9533,SPL8009535,38066259
9534,SPL8009536,38066260
9535,SPL8009537,38066261
9536,SPL8009538,38066262
9537,SPL8009539,38066264
9538,SPL8009540,38066265
9539,SPL8009541,38066266
9540,SPL8009542,38066267;38067004
9541,SPL8009543,38066268;38066465
9542,SPL8009544,38066269
9543,SPL8009545,38066270
9544,SPL8009546,38066271
9545,SPL8009547,38066272
9546,SPL8009548,38066273
9547,SPL8009549,38066274
9548,SPL8009550,38066275
9549,SPL8009551,38066276
9550,SPL8009552,38066277
9551,SPL8009553,38066278
9552,SPL8009554,38066279
9553,SPL8009555,38066280
9554,SPL8009556,38066281
9555,SPL8009557,38066282
9556,SPL8009558,38066283
9557,SPL8009559,38066284
9558,SPL8009560,38066285
9559,SPL8009561,38066286
9560,SPL8009562,38066287
9561,SPL8009563,38066288
9562,SPL8009564,38066289
9563,SPL8009565,38066290
9564,SPL8009566,38066291
9565,SPL8009567,38066292
9566,SPL8009568,38066293
9567,SPL8009569,38066294
9568,SPL8009570,38066295
9569,SPL8009571,38066296
9570,SPL8009572,38066297
9571,SPL8009573,38066298
9572,SPL8009574,38066299
9573,SPL8009575,38066300
9574,SPL8009576,38066301
9575,SPL8009577,38066302
9576,SPL8009578,38066303
9577,SPL8009579,38066304
9578,SPL8009580,38066305
9579,SPL8009581,38066306
9580,SPL8009582,38066307
9581,SPL8009583,38066308
9582,SPL8009584,38066309
9583,SPL8009585,38066310
9584,SPL8009586,38066311
9585,SPL8009587,38066312
9586,SPL8009588,38066313
9587,SPL8009589,38066334
9588,SPL8009590,38066335
9589,SPL8009591,38066347
9590,SPL8009592,38066350
9591,SPL8009593,38066351
9592,SPL8009594,38066352
9593,SPL8009595,38066354
9594,SPL8009596,38066355
9595,SPL8009597,38066356
9596,SPL8009598,38066357
9597,SPL8009599,38066358
9598,SPL8009600,38066359
9599,SPL8009601,38066360
9600,SPL8009602,38066361
9601,SPL8009603,38066362
9602,SPL8009604,38066363
9603,SPL8009605,38066364
9604,SPL8009606,38066365
9605,SPL8009607,38066366
9606,SPL8009608,38066367
9607,SPL8009609,38066368
9608,SPL8009610,38066369
9609,SPL8009611,38066370
9610,SPL8009612,38066371
9611,SPL8009613,38066372
9612,SPL8009614,38066373
9613,SPL8009615,38066374
9614,SPL8009616,38066375
9615,SPL8009617,38066376
9616,SPL8009618,38066377
9617,SPL8009619,38066378
9618,SPL8009620,38066379
9619,SPL8009621,38066380
9620,SPL8009622,38066381
9621,SPL8009623,38066382
9622,SPL8009624,38066383
9623,SPL8009625,38066384
9624,SPL8009626,38066385
9625,SPL8009627,38066386
9626,SPL8009628,38066388
9627,SPL8009629,38066389
9628,SPL8009630,38066436
9629,SPL8009631,38066437
9630,SPL8009632,38066439
9631,SPL8009633,38066440
9632,SPL8009634,38066441
9633,SPL8009635,38066442
9634,SPL8009636,38066443
9635,SPL8009637,38066444
9636,SPL8009638,38066445
9637,SPL8009639,38066446
9638,SPL8009640,38066447
9639,SPL8009641,38066448
9640,SPL8009642,38066449
9641,SPL8009643,38066452
9642,SPL8009644,38066453
9643,SPL8009645,38066454
9644,SPL8009646,38066455
9645,SPL8009647,38066456
9646,SPL8009648,38066458
9647,SPL8009649,38066459
9648,SPL8009650,38066460
9649,SPL8009651,38066461
9650,SPL8009652,38066462
9651,SPL8009653,38066463
9652,SPL8009654,38066464
9653,SPL8009655,38066466
9654,SPL8009656,38066469
9655,SPL8009657,38066491
9656,SPL8009658,38066492
9657,SPL8009659,38066493
9658,SPL8009660,38066494
9659,SPL8009661,38066495
9660,SPL8009662,38066496
9661,SPL8009663,38066497
9662,SPL8009664,38066498
9663,SPL8009665,38066499
9664,SPL8009666,38066500
9665,SPL8009667,38066502
9666,SPL8009668,38066504
9667,SPL8009669,38066505
9668,SPL8009670,38066506
9669,SPL8009671,38066507
9670,SPL8009672,38066508
9671,SPL8009673,38066509
9672,SPL8009674,38066511
9673,SPL8009675,38066513
9674,SPL8009676,38066515
9675,SPL8009677,38066518
9676,SPL8009678,38066519
9677,SPL8009679,38066520
9678,SPL8009680,38066521
9679,SPL8009681,38066522
9680,SPL8009682,38066523
9681,SPL8009683,38066524
9682,SPL8009684,38066525
9683,SPL8009685,38066526
9684,SPL8009686,38066527
9685,SPL8009687,38066528
9686,SPL8009688,38066529
9687,SPL8009689,38066530
9688,SPL8009690,38066531
9689,SPL8009691,38066532
9690,SPL8009692,38066533
9691,SPL8009693,38066534
9692,SPL8009694,38066535
9693,SPL8009695,38066536
9694,SPL8009696,38066537
9695,SPL8009697,38066538
9696,SPL8009698,38066539
9697,SPL8009699,38066540
9698,SPL8009700,38066541
9699,SPL8009701,38066542
9700,SPL8009702,38066545
9701,SPL8009703,38066546
9702,SPL8009704,38066547
9703,SPL8009705,38066589
9704,SPL8009706,38066590
9705,SPL8009707,38066591
9706,SPL8009708,38066592
9707,SPL8009709,38066593
9708,SPL8009710,38066594
9709,SPL8009711,38066595
9710,SPL8009712,38066596
9711,SPL8009713,38066598
9712,SPL8009714,38066599
9713,SPL8009715,38066600
9714,SPL8009716,38066601
9715,SPL8009717,38066602
9716,SPL8009718,38066603
9717,SPL8009719,38066604
9718,SPL8009720,38066605
9719,SPL8009721,38066606
9720,SPL8009722,38066607
9721,SPL8009723,38066608
9722,SPL8009724,38066609
9723,SPL8009725,38066611
9724,SPL8009726,38066613
9725,SPL8009727,38066614
9726,SPL8009728,38066615
9727,SPL8009729,38066617
9728,SPL8009730,38066618
9729,SPL8009731,38066619
9730,SPL8009732,38066620
9731,SPL8009733,38066624
9732,SPL8009734,38066627
9733,SPL8009735,38066629
9734,SPL8009736,38066630
9735,SPL8009737,38066631
9736,SPL8009738,38066632
9737,SPL8009739,38066633
9738,SPL8009740,38066634
9739,SPL8009741,38066635
9740,SPL8009742,38066636
9741,SPL8009743,38066637
9742,SPL8009744,38066638
9743,SPL8009745,38066639
9744,SPL8009746,38066640
9745,SPL8009747,38066641
9746,SPL8009748,38066642
9747,SPL8009749,38066645
9748,SPL8009750,38066646
9749,SPL8009751,38066647
9750,SPL8009752,38066648
9751,SPL8009753,38066649
9752,SPL8009754,38066650
9753,SPL8009755,38066652
9754,SPL8009756,38066653
9755,SPL8009757,38066654
9756,SPL8009758,38066655
9757,SPL8009759,38066656
9758,SPL8009760,38066657
9759,SPL8009761,38066658
9760,SPL8009762,38066659
9761,SPL8009763,38066660
9762,SPL8009764,38066661;38067428
9763,SPL8009765,38066662
9764,SPL8009766,38066663
9765,SPL8009767,38066664
9766,SPL8009768,38066682
9767,SPL8009769,38066683
9768,SPL8009770,38066684
9769,SPL8009771,38066685
9770,SPL8009772,38066686
9771,SPL8009773,38066687
9772,SPL8009774,38066688
9773,SPL8009775,38066689
9774,SPL8009776,38066690
9775,SPL8009777,38066691
9776,SPL8009778,38066692
9777,SPL8009779,38066693
9778,SPL8009780,38066694
9779,SPL8009781,38066695
9780,SPL8009782,38066696
9781,SPL8009783,38066697
9782,SPL8009784,38066698
9783,SPL8009785,38066699
9784,SPL8009786,38066700
9785,SPL8009787,38066701
9786,SPL8009788,38066702
9787,SPL8009789,38066729
9788,SPL8009790,38066730
9789,SPL8009791,38066731
9790,SPL8009792,38066758
9791,SPL8009793,38066780
9792,SPL8009794,38066781
9793,SPL8009795,38066782
9794,SPL8009796,38066783
9795,SPL8009797,38066784
9796,SPL8009798,38066785
9797,SPL8009799,38066786
9798,SPL8009800,38066787
9799,SPL8009801,38066788
9800,SPL8009802,38066789
9801,SPL8009803,38066790
9802,SPL8009804,38066791
9803,SPL8009805,38066792
9804,SPL8009806,38066793
9805,SPL8009807,38066794
9806,SPL8009808,38066795
9807,SPL8009809,38066796
9808,SPL8009810,38066797
9809,SPL8009811,38066798
9810,SPL8009812,38066799
9811,SPL8009813,38066800
9812,SPL8009814,38066801
9813,SPL8009815,38066802
9814,SPL8009816,38066803
9815,SPL8009817,38066804
9816,SPL8009818,38066805
9817,SPL8009819,38066806
9818,SPL8009820,38066807
9819,SPL8009821,38066808
9820,SPL8009822,38066809
9821,SPL8009823,38066810
9822,SPL8009824,38066811
9823,SPL8009825,38066812
9824,SPL8009826,38066813
9825,SPL8009827,38066814
9826,SPL8009828,38066815
9827,SPL8009829,38066816
9828,SPL8009830,38066817
9829,SPL8009831,38066818
9830,SPL8009832,38066819
9831,SPL8009833,38066820
9832,SPL8009834,38066821
9833,SPL8009835,38066822
9834,SPL8009836,38066823
9835,SPL8009837,38066824
9836,SPL8009838,38066825
9837,SPL8009839,38066826
9838,SPL8009840,38066827
9839,SPL8009841,38066828
9840,SPL8009842,38066829
9841,SPL8009843,38066830
9842,SPL8009844,38066831
9843,SPL8009845,38066832
9844,SPL8009846,38066833
9845,SPL8009847,38066834
9846,SPL8009848,38066835
9847,SPL8009849,38066836
9848,SPL8009850,38066837
9849,SPL8009851,38066838
9850,SPL8009852,38066839
9851,SPL8009853,38066840
9852,SPL8009854,38066841
9853,SPL8009855,38066842
9854,SPL8009856,38066843
9855,SPL8009857,38066844
9856,SPL8009858,38066845
9857,SPL8009859,38066846
9858,SPL8009860,38066847
9859,SPL8009861,38066848
9860,SPL8009862,38066849
9861,SPL8009863,38066851
9862,SPL8009864,38066852
9863,SPL8009865,38066853
9864,SPL8009866,38066854
9865,SPL8009867,38066855
9866,SPL8009868,38066856
9867,SPL8009869,38066857
9868,SPL8009870,38066858
9869,SPL8009871,38066859
9870,SPL8009872,38066860
9871,SPL8009873,38066861
9872,SPL8009874,38066862
9873,SPL8009875,38066863
9874,SPL8009876,38066864
9875,SPL8009877,38066865
9876,SPL8009878,38066866
9877,SPL8009879,38066867
9878,SPL8009880,38066868
9879,SPL8009881,38066869
9880,SPL8009882,38066870
9881,SPL8009883,38066871
9882,SPL8009884,38066872
9883,SPL8009885,38066873
9884,SPL8009886,38066874
9885,SPL8009887,38066875
9886,SPL8009888,38066876
9887,SPL8009889,38066877
9888,SPL8009890,38066878
9889,SPL8009891,38066879
9890,SPL8009892,38066880
9891,SPL8009893,38066881
9892,SPL8009894,38066882
9893,SPL8009895,38066883
9894,SPL8009896,38066884
9895,SPL8009897,38066885
9896,SPL8009898,38066886
9897,SPL8009899,38066887
9898,SPL8009900,38066888
9899,SPL8009901,38066889
9900,SPL8009902,38066890
9901,SPL8009903,38066891
9902,SPL8009904,38066892
9903,SPL8009905,38066893
9904,SPL8009906,38066939
9905,SPL8009907,38066940
9906,SPL8009908,38066941
9907,SPL8009909,38066942
9908,SPL8009910,38066943
9909,SPL8009911,38066944
9910,SPL8009912,38066945
9911,SPL8009913,38066946
9912,SPL8009914,38066947
9913,SPL8009915,38066948
9914,SPL8009916,38066949
9915,SPL8009917,38066950
9916,SPL8009918,38066951
9917,SPL8009919,38066952;38067744
9918,SPL8009920,38066953
9919,SPL8009921,38066954
9920,SPL8009922,38066955
9921,SPL8009923,38066956
9922,SPL8009924,38066957
9923,SPL8009925,38066958
9924,SPL8009926,38066959
9925,SPL8009927,38066960
9926,SPL8009928,38066961
9927,SPL8009929,38066962
9928,SPL8009930,38066963
9929,SPL8009931,38066964
9930,SPL8009932,38066965
9931,SPL8009933,38066966
9932,SPL8009934,38066967
9933,SPL8009935,38066968
9934,SPL8009936,38066969
9935,SPL8009937,38066970
9936,SPL8009938,38066971
9937,SPL8009939,38066972
9938,SPL8009940,38066973
9939,SPL8009941,38066974
9940,SPL8009942,38066975
9941,SPL8009943,38066976
9942,SPL8009944,38066977
9943,SPL8009945,38066978
9944,SPL8009946,38066979
9945,SPL8009947,38066980
9946,SPL8009948,38066981
9947,SPL8009949,38066982
9948,SPL8009950,38066983
9949,SPL8009951,38066984
9950,SPL8009952,38066985
9951,SPL8009953,38066986
9952,SPL8009954,38066987
9953,SPL8009955,38066988
9954,SPL8009956,38066989
9955,SPL8009957,38066990
9956,SPL8009958,38066991
9957,SPL8009959,38066992
9958,SPL8009960,38066993
9959,SPL8009961,38066994
9960,SPL8009962,38066995
9961,SPL8009963,38066996
9962,SPL8009964,38066997
9963,SPL8009965,38066998;38067745
9964,SPL8009966,38066999
9965,SPL8009967,38067000
9966,SPL8009968,38067001
9967,SPL8009969,38067002
9968,SPL8009970,38067003
9969,SPL8009971,38067005
9970,SPL8009972,38067006
9971,SPL8009973,38067007
9972,SPL8009974,38067008
9973,SPL8009975,38067009;38067438
9974,SPL8009976,38067010;38067439
9975,SPL8009977,38067011
9976,SPL8009978,38067012;38067363;38067369
9977,SPL8009979,38067013;38067364;38067370
9978,SPL8009980,38067014;38067365;38067371
9979,SPL8009981,38067015;38067366;38067372
9980,SPL8009982,38067016;38067367;38067373
9981,SPL8009983,38067017;38067083;38067368;38067374
9982,SPL8009984,38067020
9983,SPL8009985,38067021
9984,SPL8009986,38067022
9985,SPL8009987,38067023
9986,SPL8009988,38067024
9987,SPL8009989,38067025
9988,SPL8009990,38067026
9989,SPL8009991,38067027
9990,SPL8009992,38067028
9991,SPL8009993,38067029
9992,SPL8009994,38067030
9993,SPL8009995,38067031
9994,SPL8009996,38067032
9995,SPL8009997,38067033
9996,SPL8009998,38067034
9997,SPL8009999,38067035
9998,SPL8010000,38067036
9999,SPL8010001,38067037
10000,SPL8010002,38067038
10001,SPL8010003,38067039
10002,SPL8010004,38067040
10003,SPL8010005,38067041
10004,SPL8010006,38067042
10005,SPL8010007,38067043
10006,SPL8010008,38067044
10007,SPL8010009,38067045
10008,SPL8010010,38067046
10009,SPL8010011,38067047
10010,SPL8010012,38067048
10011,SPL8010013,38067051
10012,SPL8010014,38067052
10013,SPL8010015,38067059
10014,SPL8010016,38067062
10015,SPL8010017,38067063
10016,SPL8010018,38067064
10017,SPL8010019,38067065
10018,SPL8010020,38067086
10019,SPL8010021,38067099
10020,SPL8010022,38067100
10021,SPL8010023,38067101
10022,SPL8010024,38067149
10023,SPL8010025,38067150
10024,SPL8010026,38067151
10025,SPL8010027,38067152;38067507
10026,SPL8010028,38067153;38067508
10027,SPL8010029,38067154
10028,SPL8010030,38067155;38067456
10029,SPL8010031,38067156
10030,SPL8010032,38067157
10031,SPL8010033,38067158
10032,SPL8010034,38067159
10033,SPL8010035,38067160
10034,SPL8010036,38067161
10035,SPL8010037,38067162
10036,SPL8010038,38067163
10037,SPL8010039,38067164
10038,SPL8010040,38067165
10039,SPL8010041,38067166;38067505
10040,SPL8010042,38067167;38067506
10041,SPL8010043,38067168
10042,SPL8010044,38067169
10043,SPL8010045,38067170
10044,SPL8010046,38067171
10045,SPL8010047,38067172
10046,SPL8010048,38067173
10047,SPL8010049,38067174
10048,SPL8010050,38067175;38067205
10049,SPL8010051,38067176
10050,SPL8010052,38067177;38067457
10051,SPL8010053,38067178;38067458
10052,SPL8010054,38067179;38067493
10053,SPL8010055,38067180;38067494
10054,SPL8010056,38067181;38067459
10055,SPL8010057,38067182;38067460
10056,SPL8010058,38067183;38067495
10057,SPL8010059,38067184;38067461
10058,SPL8010060,38067185;38067462
10059,SPL8010061,38067186
10060,SPL8010062,38067187
10061,SPL8010063,38067188
10062,SPL8010064,38067189
10063,SPL8010065,38067190
10064,SPL8010066,38067191
10065,SPL8010067,38067192
10066,SPL8010068,38067193
10067,SPL8010069,38067194
10068,SPL8010070,38067195
10069,SPL8010071,38067196
10070,SPL8010072,38067197
10071,SPL8010073,38067198
10072,SPL8010074,38067199
10073,SPL8010075,38067200
10074,SPL8010076,38067201
10075,SPL8010077,38067202
10076,SPL8010078,38067203
10077,SPL8010079,38067206
10078,SPL8010080,38067207
10079,SPL8010081,38067208
10080,SPL8010082,38067209
10081,SPL8010083,38067210
10082,SPL8010084,38067211
10083,SPL8010085,38067212
10084,SPL8010086,38067213
10085,SPL8010087,38067214
10086,SPL8010088,38067218
10087,SPL8010089,38067219
10088,SPL8010090,38067220
10089,SPL8010091,38067228
10090,SPL8010092,38067251
10091,SPL8010093,38067252
10092,SPL8010094,38067253
10093,SPL8010095,38067254
10094,SPL8010096,38067255
10095,SPL8010097,38067256
10096,SPL8010098,38067257
10097,SPL8010099,38067258
10098,SPL8010100,38067259
10099,SPL8010101,38067260
10100,SPL8010102,38067261
10101,SPL8010103,38067262
10102,SPL8010104,38067263
10103,SPL8010105,38067264
10104,SPL8010106,38067265
10105,SPL8010107,38067266
10106,SPL8010108,38067267
10107,SPL8010109,38067268
10108,SPL8010110,38067269
10109,SPL8010111,38067270
10110,SPL8010112,38067271
10111,SPL8010113,38067272
10112,SPL8010114,38067277
10113,SPL8010115,38067278
10114,SPL8010116,38067279
10115,SPL8010117,38067280
10116,SPL8010118,38067281
10117,SPL8010119,38067282
10118,SPL8010120,38067283
10119,SPL8010121,38067284
10120,SPL8010122,38067285
10121,SPL8010123,38067286
10122,SPL8010124,38067287
10123,SPL8010125,38067288
10124,SPL8010126,38067289
10125,SPL8010127,38067290
10126,SPL8010128,38067291
10127,SPL8010129,38067292
10128,SPL8010130,38067293
10129,SPL8010131,38067294
10130,SPL8010132,38067295
10131,SPL8010133,38067296
10132,SPL8010134,38067297
10133,SPL8010135,38067298
10134,SPL8010136,38067299
10135,SPL8010137,38067300
10136,SPL8010138,38067301
10137,SPL8010139,38067302
10138,SPL8010140,38067303
10139,SPL8010141,38067304
10140,SPL8010142,38067305
10141,SPL8010143,38067306
10142,SPL8010144,38067307
10143,SPL8010145,38067308
10144,SPL8010146,38067309
10145,SPL8010147,38067310
10146,SPL8010148,38067311
10147,SPL8010149,38067312
10148,SPL8010150,38067313
10149,SPL8010151,38067314
10150,SPL8010152,38067315
10151,SPL8010153,38067316
10152,SPL8010154,38067317
10153,SPL8010155,38067318
10154,SPL8010156,38067319
10155,SPL8010157,38067320
10156,SPL8010158,38067321
10157,SPL8010159,38067322
10158,SPL8010160,38067323
10159,SPL8010161,38067324
10160,SPL8010162,38067325
10161,SPL8010163,38067326
10162,SPL8010164,38067327
10163,SPL8010165,38067328
10164,SPL8010166,38067329
10165,SPL8010167,38067330
10166,SPL8010168,38067331
10167,SPL8010169,38067332
10168,SPL8010170,38067333
10169,SPL8010171,38067334
10170,SPL8010172,38067335
10171,SPL8010173,38067336
10172,SPL8010174,38067337
10173,SPL8010175,38067338
10174,SPL8010176,38067339
10175,SPL8010177,38067340
10176,SPL8010178,38067341
10177,SPL8010179,38067342
10178,SPL8010180,38067343
10179,SPL8010181,38067344
10180,SPL8010182,38067345
10181,SPL8010183,38067346
10182,SPL8010184,38067347
10183,SPL8010185,38067348
10184,SPL8010186,38067349
10185,SPL8010187,38067350
10186,SPL8010188,38067351
10187,SPL8010189,38067352
10188,SPL8010190,38067353
10189,SPL8010191,38067357
10190,SPL8010192,38067358
10191,SPL8010193,38067359
10192,SPL8010194,38067362
10193,SPL8010195,38067375
10194,SPL8010196,38067376
10195,SPL8010197,38067377
10196,SPL8010198,38067378
10197,SPL8010199,38067379
10198,SPL8010200,38067380
10199,SPL8010201,38067381
10200,SPL8010202,38067382
10201,SPL8010203,38067383
10202,SPL8010204,38067384
10203,SPL8010205,38067385
10204,SPL8010206,38067386
10205,SPL8010207,38067387
10206,SPL8010208,38067388
10207,SPL8010209,38067389
10208,SPL8010210,38067390
10209,SPL8010211,38067391
10210,SPL8010212,38067392
10211,SPL8010213,38067393
10212,SPL8010214,38067400
10213,SPL8010215,38067401
10214,SPL8010216,38067402
10215,SPL8010217,38067403
10216,SPL8010218,38067404
10217,SPL8010219,38067405
10218,SPL8010220,38067406
10219,SPL8010221,38067407
10220,SPL8010222,38067408
10221,SPL8010223,38067409
10222,SPL8010224,38067410
10223,SPL8010225,38067411
10224,SPL8010226,38067412
10225,SPL8010227,38067413
10226,SPL8010228,38067414
10227,SPL8010229,38067415
10228,SPL8010230,38067416
10229,SPL8010231,38067417
10230,SPL8010232,38067418
10231,SPL8010233,38067419
10232,SPL8010234,38067420
10233,SPL8010235,38067421
10234,SPL8010236,38067422
10235,SPL8010237,38067423
10236,SPL8010238,38067424
10237,SPL8010239,38067425
10238,SPL8010240,38067426
10239,SPL8010241,38067427
10240,SPL8010242,38067429
10241,SPL8010243,38067430
10242,SPL8010244,38067431
10243,SPL8010245,38067432
10244,SPL8010246,38067433
10245,SPL8010247,38067434
10246,SPL8010248,38067435
10247,SPL8010249,38067436
10248,SPL8010250,38067437
10249,SPL8010251,38067440
10250,SPL8010252,38067441
10251,SPL8010253,38067442
10252,SPL8010254,38067443
10253,SPL8010255,38067444
10254,SPL8010256,38067445
10255,SPL8010257,38067446
10256,SPL8010258,38067447
10257,SPL8010259,38067448
10258,SPL8010260,38067449
10259,SPL8010261,38067454
10260,SPL8010262,38067455
10261,SPL8010263,38067463
10262,SPL8010264,38067464
10263,SPL8010265,38067465
10264,SPL8010266,38067466
10265,SPL8010267,38067467
10266,SPL8010268,38067468
10267,SPL8010269,38067469
10268,SPL8010270,38067470
10269,SPL8010271,38067481;38067512;38067551
10270,SPL8010272,38067482;38067552
10271,SPL8010273,38067483;38067554
10272,SPL8010274,38067484;38067555
10273,SPL8010275,38067485;38067557
10274,SPL8010276,38067488
10275,SPL8010277,38067489
10276,SPL8010278,38067490
10277,SPL8010279,38067491
10278,SPL8010280,38067492
10279,SPL8010281,38067496
10280,SPL8010282,38067497
10281,SPL8010283,38067498
10282,SPL8010284,38067499
10283,SPL8010285,38067500
10284,SPL8010286,38067501
10285,SPL8010287,38067502
10286,SPL8010288,38067509
10287,SPL8010289,38067510
10288,SPL8010290,38067511
10289,SPL8010291,38067513
10290,SPL8010292,38067514
10291,SPL8010293,38067515
10292,SPL8010294,38067516
10293,SPL8010295,38067517
10294,SPL8010296,38067518
10295,SPL8010297,38067519
10296,SPL8010298,38067520
10297,SPL8010299,38067521
10298,SPL8010300,38067522
10299,SPL8010301,38067523
10300,SPL8010302,38067533
10301,SPL8010303,38067534
10302,SPL8010304,38067535
10303,SPL8010305,38067536
10304,SPL8010306,38067537
10305,SPL8010307,38067538
10306,SPL8010308,38067550
10307,SPL8010309,38067553
10308,SPL8010310,38067556
10309,SPL8010311,38067558
10310,SPL8010312,38067559
10311,SPL8010313,38067560
10312,SPL8010314,38067561
10313,SPL8010315,38067562
10314,SPL8010316,38067563
10315,SPL8010317,38067564
10316,SPL8010318,38067565
10317,SPL8010319,38067566
10318,SPL8010320,38067567
10319,SPL8010321,38067568
10320,SPL8010322,38067569
10321,SPL8010323,38067570
10322,SPL8010324,38067571
10323,SPL8010325,38067572
10324,SPL8010326,38067573
10325,SPL8010327,38067574
10326,SPL8010328,38067575
10327,SPL8010329,38067576
10328,SPL8010330,38067577
10329,SPL8010331,38067578
10330,SPL8010332,38067579
10331,SPL8010333,38067580
10332,SPL8010334,38067581
10333,SPL8010335,38067582
10334,SPL8010336,38067583
10335,SPL8010337,38067584
10336,SPL8010338,38067585
10337,SPL8010339,38067586
10338,SPL8010340,38067587
10339,SPL8010341,38067588
10340,SPL8010342,38067589
10341,SPL8010343,38067590
10342,SPL8010344,38067591
10343,SPL8010345,38067592
10344,SPL8010346,38067593
10345,SPL8010347,38067594
10346,SPL8010348,38067595
10347,SPL8010349,38067596
10348,SPL8010350,38067597
10349,SPL8010351,38067598
10350,SPL8010352,38067599
10351,SPL8010353,38067600
10352,SPL8010354,38067601
10353,SPL8010355,38067602
10354,SPL8010356,38067603
10355,SPL8010357,38067604
10356,SPL8010358,38067605
10357,SPL8010359,38067606
10358,SPL8010360,38067607
10359,SPL8010361,38067608
10360,SPL8010362,38067609
10361,SPL8010363,38067610
10362,SPL8010364,38067611
10363,SPL8010365,38067612
10364,SPL8010366,38067613
10365,SPL8010367,38067614
10366,SPL8010368,38067615
10367,SPL8010369,38067616
10368,SPL8010370,38067617
10369,SPL8010371,38067618
10370,SPL8010372,38067619
10371,SPL8010373,38067620
10372,SPL8010374,38067621
10373,SPL8010375,38067622
10374,SPL8010376,38067623
10375,SPL8010377,38067624
10376,SPL8010378,38067625
10377,SPL8010379,38067626
10378,SPL8010380,38067627
10379,SPL8010381,38067628
10380,SPL8010382,38067629
10381,SPL8010383,38067630
10382,SPL8010384,38067631
10383,SPL8010385,38067632
10384,SPL8010386,38067633
10385,SPL8010387,38067634
10386,SPL8010388,38067635
10387,SPL8010389,38067636
10388,SPL8010390,38067637
10389,SPL8010391,38067638
10390,SPL8010392,38067639
10391,SPL8010393,38067640
10392,SPL8010394,38067641
10393,SPL8010395,38067642
10394,SPL8010396,38067643
10395,SPL8010397,38067644
10396,SPL8010398,38067645
10397,SPL8010399,38067646
10398,SPL8010400,38067647
10399,SPL8010401,38067648
10400,SPL8010402,38067649
10401,SPL8010403,38067650
10402,SPL8010404,38067651
10403,SPL8010405,38067652
10404,SPL8010406,38067653
10405,SPL8010407,38067654
10406,SPL8010408,38067655
10407,SPL8010409,38067656
10408,SPL8010410,38067657
10409,SPL8010411,38067658
10410,SPL8010412,38067659
10411,SPL8010413,38067660
10412,SPL8010414,38067661
10413,SPL8010415,38067662
10414,SPL8010416,38067663
10415,SPL8010417,38067664
10416,SPL8010418,38067665
10417,SPL8010419,38067666
10418,SPL8010420,38067667
10419,SPL8010421,38067668
10420,SPL8010422,38067669
10421,SPL8010423,38067670
10422,SPL8010424,38067671
10423,SPL8010425,38067672
10424,SPL8010426,38067673
10425,SPL8010427,38067674
10426,SPL8010428,38067675
10427,SPL8010429,38067676
10428,SPL8010430,38067677
10429,SPL8010431,38067678
10430,SPL8010432,38067679
10431,SPL8010433,38067680
10432,SPL8010434,38067681
10433,SPL8010435,38067682
10434,SPL8010436,38067683
10435,SPL8010437,38067684
10436,SPL8010438,38067685
10437,SPL8010439,38067686
10438,SPL8010440,38067687
10439,SPL8010441,38067688
10440,SPL8010442,38067689
10441,SPL8010443,38067690
10442,SPL8010444,38067691
10443,SPL8010445,38067692
10444,SPL8010446,38067693
10445,SPL8010447,38067694
10446,SPL8010448,38067695
10447,SPL8010449,38067696
10448,SPL8010450,38067697
10449,SPL8010451,38067698
10450,SPL8010452,38067699
10451,SPL8010453,38067700
10452,SPL8010454,38067701
10453,SPL8010455,38067702
10454,SPL8010456,38067703
10455,SPL8010457,38067704
10456,SPL8010458,38067705
10457,SPL8010459,38067706
10458,SPL8010460,38067707;38067746
10459,SPL8010461,38067708
10460,SPL8010462,38067709
10461,SPL8010463,38067710
10462,SPL8010464,38067711;38067747
10463,SPL8010465,38067712
10464,SPL8010466,38067713;38067748
10465,SPL8010467,38067714
10466,SPL8010468,38067715
10467,SPL8010469,38067716
10468,SPL8010470,38067717;38067749
10469,SPL8010471,38067718
10470,SPL8010472,38067719;38067750
10471,SPL8010473,38067720
10472,SPL8010474,38067721;38067751
10473,SPL8010475,38067722
10474,SPL8010476,38067723
10475,SPL8010477,38067724
10476,SPL8010478,38067726
10477,SPL8010479,38067727
10478,SPL8010480,38067728
10479,SPL8010481,38067729
10480,SPL8010482,38067730
10481,SPL8010483,38067731
10482,SPL8010484,38067732
10483,SPL8010485,38067733
10484,SPL8010486,38067734
10485,SPL8010487,38067735
10486,SPL8010488,38067736
10487,SPL8010489,38067737
10488,SPL8010490,38067738
10489,SPL8010491,38067739
10490,SPL8010492,38067740
10491,SPL8010493,38067753
10492,SPL8010494,38067754
10493,SPL8010495,38067755
10494,SPL8010496,38067756
10495,SPL8010497,38067757
10496,SPL8010498,38067758
10497,SPL8010499,38067759
10498,SPL8010500,38067760
10499,SPL8010501,38067761
10500,SPL8010502,38067762
10501,SPL8010503,38067763
10502,SPL8010504,38067765
10503,SPL8010505,38067766
10504,SPL8010506,38067769
10505,SPL8010507,38067770
10506,SPL8010508,38067771
10507,SPL8010509,38067772
10508,SPL8010510,38067777
10509,SPL8010511,38067778
10510,SPL8010512,38067779
10511,SPL8010513,38067780
10512,SPL8010514,38067781
10513,SPL8010515,38067782
10514,SPL8010516,81746847
10515,SPL8010517,82053240;84003356
10516,SPL8010518,82057152
10517,SPL8010519,84002154
10518,SPL8010520,84002226
10519,SPL8010521,84003246
10520,SPL8010522,88005629
10521,SPL8010523,88005637
10522,SPL8010524,88006366
10523,SPL8010525,88030557
10524,SPL8010526,88031115
10525,SPL8010527,88033855
10526,SPL8010528,88034490
10527,SPL8010529,88035057
10528,SPL8010530,88035220
10529,SPL8010531,88035693
10530,SPL8010532,88036243
10531,SPL8010533,88039931
10532,SPL8010534,38012052;38037001;38037794;38044196
10533,SPL8010535,34053435
10534,SPL8010536,34088374
10535,SPL8010537,34088375
10536,SPL8010538,34088509
10537,SPL8010539,38067783
10538,SPL8010540,38067786
10539,SPL8010541,38067787
10540,SPL8010542,38067788
10541,SPL8010543,38067789
10542,SPL8010544,38067790
10543,SPL8010545,38067791
10544,SPL8010546,38067792
10545,SPL8010547,38067793
10546,SPL8010548,38067794
10547,SPL8010549,38067795
10548,SPL8010550,38067796
10549,SPL8010551,38067797
10550,SPL8010552,38067798
10551,SPL8010553,38067799
10552,SPL8010554,38067800
10553,SPL8010555,38067801
10554,SPL8010556,38067802
10555,SPL8010557,38067803
10556,SPL8010558,38067804
10557,SPL8010559,38067805
10558,SPL8010560,38067806
10559,SPL8010561,38067807
10560,SPL8010562,38067808
10561,SPL8010563,38067809
10562,SPL8010564,38067810
10563,SPL8010565,38067811
10564,SPL8010566,38067812
10565,SPL8010567,38067813
10566,SPL8010568,38067814
10567,SPL8010569,38067815
10568,SPL8010570,38067816
10569,SPL8010571,38067817
10570,SPL8010572,38067818
10571,SPL8010573,38067819
10572,SPL8010574,38067820
10573,SPL8010575,38067821
10574,SPL8010576,38067822
10575,SPL8010577,38067823
